primitive,iter,ms
T_h,0,0.014714
T_h,1,0.014696
T_h,2,0.014733
T_h,3,0.015221
T_h,4,0.014723
T_h,5,0.013902
T_h,6,0.014999
T_h,7,0.01464
T_h,8,0.01467
T_h,9,0.01487
T_h,10,0.014939
T_h,11,0.015498
T_h,12,0.015194
T_h,13,0.014866
T_h,14,0.014357
T_h,15,0.014191
T_h,16,0.014948
T_h,17,0.015587
T_h,18,0.014825
T_h,19,0.014736
T_h,20,0.015119
T_h,21,0.013928
T_h,22,0.014613
T_h,23,0.015094
T_h,24,0.015324
T_h,25,0.014656
T_h,26,0.015026
T_h,27,0.014949
T_h,28,0.015269
T_h,29,0.014132
T_h,30,0.015141
T_h,31,0.013891
T_h,32,0.013228
T_h,33,0.014436
T_h,34,0.014251
T_h,35,0.015326
T_h,36,0.015199
T_h,37,0.014069
T_h,38,0.015308
T_h,39,0.014199
T_h,40,0.014748
T_h,41,0.014624
T_h,42,0.014869
T_h,43,0.015291
T_h,44,0.015183
T_h,45,0.01501
T_h,46,0.01519
T_h,47,0.015087
T_h,48,0.014424
T_h,49,0.01437
T_h,50,0.014518
T_h,51,0.0151
T_h,52,0.01465
T_h,53,0.016201
T_h,54,0.014308
T_h,55,0.014141
T_h,56,0.015261
T_h,57,0.015653
T_h,58,0.015103
T_h,59,0.015301
T_h,60,0.015656
T_h,61,0.014744
T_h,62,0.013946
T_h,63,0.014481
T_h,64,0.015372
T_h,65,0.013934
T_h,66,0.01482
T_h,67,0.014952
T_h,68,0.014611
T_h,69,0.015234
T_h,70,0.015148
T_h,71,0.016193
T_h,72,0.015172
T_h,73,0.014434
T_h,74,0.014463
T_h,75,0.014301
T_h,76,0.015371
T_h,77,0.01446
T_h,78,0.014758
T_h,79,0.01525
T_h,80,0.014366
T_h,81,0.014624
T_h,82,0.013695
T_h,83,0.014151
T_h,84,0.014459
T_h,85,0.015049
T_h,86,0.015516
T_h,87,0.014789
T_h,88,0.014957
T_h,89,0.014901
T_h,90,0.015451
T_h,91,0.015336
T_h,92,0.014964
T_h,93,0.014193
T_h,94,0.015342
T_h,95,0.015029
T_h,96,0.015536
T_h,97,0.014782
T_h,98,0.015972
T_h,99,0.014585
T_h,100,0.015756
T_h,101,0.014869
T_h,102,0.01449
T_h,103,0.014123
T_h,104,0.014709
T_h,105,0.015654
T_h,106,0.01529
T_h,107,0.015213
T_h,108,0.013374
T_h,109,0.015227
T_h,110,0.015134
T_h,111,0.01447
T_h,112,0.014424
T_h,113,0.014799
T_h,114,0.015835
T_h,115,0.014167
T_h,116,0.014543
T_h,117,0.015617
T_h,118,0.014532
T_h,119,0.014581
T_h,120,0.014859
T_h,121,0.014055
T_h,122,0.014932
T_h,123,0.014074
T_h,124,0.015331
T_h,125,0.014802
T_h,126,0.01617
T_h,127,0.014969
T_h,128,0.015619
T_h,129,0.014018
T_h,130,0.014727
T_h,131,0.014994
T_h,132,0.015847
T_h,133,0.013791
T_h,134,0.015394
T_h,135,0.015155
T_h,136,0.01572
T_h,137,0.015227
T_h,138,0.014831
T_h,139,0.014487
T_h,140,0.014051
T_h,141,0.014917
T_h,142,0.014685
T_h,143,0.016012
T_h,144,0.014433
T_h,145,0.014992
T_h,146,0.013859
T_h,147,0.014563
T_h,148,0.014957
T_h,149,0.015294
T_h,150,0.015669
T_h,151,0.014774
T_h,152,0.01413
T_h,153,0.015075
T_h,154,0.01511
T_h,155,0.015095
T_h,156,0.01438
T_h,157,0.01548
T_h,158,0.014853
T_h,159,0.01522
T_h,160,0.015564
T_h,161,0.015166
T_h,162,0.014972
T_h,163,0.016092
T_h,164,0.014946
T_h,165,0.014622
T_h,166,0.014867
T_h,167,0.01569
T_h,168,0.014871
T_h,169,0.015112
T_h,170,0.015517
T_h,171,0.014492
T_h,172,0.013764
T_h,173,0.01498
T_h,174,0.014938
T_h,175,0.014435
T_h,176,0.015323
T_h,177,0.015165
T_h,178,0.014203
T_h,179,0.015111
T_h,180,0.014682
T_h,181,0.01391
T_h,182,0.015072
T_h,183,0.014773
T_h,184,0.014353
T_h,185,0.015114
T_h,186,0.015093
T_h,187,0.014453
T_h,188,0.01504
T_h,189,0.015409
T_h,190,0.014372
T_h,191,0.015029
T_h,192,0.014802
T_h,193,0.01616
T_h,194,0.013683
T_h,195,0.015217
T_h,196,0.014616
T_h,197,0.01474
T_h,198,0.015941
T_h,199,0.014795
T_h,200,0.016145
T_h,201,0.014535
T_h,202,0.01501
T_h,203,0.014505
T_h,204,0.014386
T_h,205,0.014837
T_h,206,0.01463
T_h,207,0.014921
T_h,208,0.013537
T_h,209,0.016001
T_h,210,0.0147
T_h,211,0.015846
T_h,212,0.014196
T_h,213,0.014976
T_h,214,0.016699
T_h,215,0.014278
T_h,216,0.013903
T_h,217,0.014472
T_h,218,0.015083
T_h,219,0.015216
T_h,220,0.015574
T_h,221,0.014646
T_h,222,0.013839
T_h,223,0.014539
T_h,224,0.015544
T_h,225,0.015079
T_h,226,0.013626
T_h,227,0.014779
T_h,228,0.015639
T_h,229,0.016076
T_h,230,0.015137
T_h,231,0.014986
T_h,232,0.014056
T_h,233,0.014294
T_h,234,0.014828
T_h,235,0.015102
T_h,236,0.015148
T_h,237,0.014513
T_h,238,0.014109
T_h,239,0.014333
T_h,240,0.014106
T_h,241,0.015186
T_h,242,0.013413
T_h,243,0.0146
T_h,244,0.01507
T_h,245,0.015713
T_h,246,0.014843
T_h,247,0.015401
T_h,248,0.014561
T_h,249,0.014353
T_h,250,0.014395
T_h,251,0.015716
T_h,252,0.015397
T_h,253,0.015092
T_h,254,0.016798
T_h,255,0.014781
T_h,256,0.015172
T_h,257,0.014985
T_h,258,0.014667
T_h,259,0.01619
T_h,260,0.015704
T_h,261,0.01396
T_h,262,0.01456
T_h,263,0.015057
T_h,264,0.01527
T_h,265,0.013991
T_h,266,0.013447
T_h,267,0.013656
T_h,268,0.014757
T_h,269,0.014738
T_h,270,0.015007
T_h,271,0.014338
T_h,272,0.014065
T_h,273,0.013586
T_h,274,0.014998
T_h,275,0.015022
T_h,276,0.015396
T_h,277,0.015274
T_h,278,0.014686
T_h,279,0.01561
T_h,280,0.014718
T_h,281,0.014403
T_h,282,0.014488
T_h,283,0.014449
T_h,284,0.013501
T_h,285,0.014894
T_h,286,0.01495
T_h,287,0.014583
T_h,288,0.014372
T_h,289,0.015023
T_h,290,0.01583
T_h,291,0.014823
T_h,292,0.014495
T_h,293,0.014445
T_h,294,0.014758
T_h,295,0.014041
T_h,296,0.014725
T_h,297,0.014837
T_h,298,0.015907
T_h,299,0.015366
T_h,300,0.01542
T_h,301,0.014372
T_h,302,0.015202
T_h,303,0.014116
T_h,304,0.014987
T_h,305,0.015051
T_h,306,0.01434
T_h,307,0.016
T_h,308,0.01514
T_h,309,0.013658
T_h,310,0.015132
T_h,311,0.014556
T_h,312,0.014801
T_h,313,0.015079
T_h,314,0.015034
T_h,315,0.013577
T_h,316,0.014105
T_h,317,0.015264
T_h,318,0.015581
T_h,319,0.015942
T_h,320,0.015882
T_h,321,0.013567
T_h,322,0.015262
T_h,323,0.01365
T_h,324,0.015768
T_h,325,0.014952
T_h,326,0.014115
T_h,327,0.016006
T_h,328,0.015186
T_h,329,0.013665
T_h,330,0.014976
T_h,331,0.014361
T_h,332,0.014867
T_h,333,0.014521
T_h,334,0.015624
T_h,335,0.013946
T_h,336,0.01499
T_h,337,0.015889
T_h,338,0.014304
T_h,339,0.014926
T_h,340,0.014921
T_h,341,0.014386
T_h,342,0.015189
T_h,343,0.014858
T_h,344,0.014234
T_h,345,0.015857
T_h,346,0.015275
T_h,347,0.0147
T_h,348,0.014418
T_h,349,0.014329
T_h,350,0.015539
T_h,351,0.014712
T_h,352,0.015076
T_h,353,0.014689
T_h,354,0.01517
T_h,355,0.01473
T_h,356,0.015258
T_h,357,0.01469
T_h,358,0.015298
T_h,359,0.015203
T_h,360,0.01473
T_h,361,0.014284
T_h,362,0.014236
T_h,363,0.014356
T_h,364,0.014209
T_h,365,0.015319
T_h,366,0.014772
T_h,367,0.015742
T_h,368,0.016168
T_h,369,0.014815
T_h,370,0.013871
T_h,371,0.014571
T_h,372,0.014755
T_h,373,0.013907
T_h,374,0.01465
T_h,375,0.014972
T_h,376,0.014524
T_h,377,0.014339
T_h,378,0.014345
T_h,379,0.015872
T_h,380,0.014704
T_h,381,0.014302
T_h,382,0.014576
T_h,383,0.015373
T_h,384,0.014389
T_h,385,0.015089
T_h,386,0.015237
T_h,387,0.015249
T_h,388,0.01564
T_h,389,0.01447
T_h,390,0.01548
T_h,391,0.014324
T_h,392,0.014562
T_h,393,0.015518
T_h,394,0.015293
T_h,395,0.014801
T_h,396,0.014085
T_h,397,0.015137
T_h,398,0.014422
T_h,399,0.014246
T_h,400,0.014411
T_h,401,0.014948
T_h,402,0.013527
T_h,403,0.015016
T_h,404,0.014904
T_h,405,0.014449
T_h,406,0.015422
T_h,407,0.015167
T_h,408,0.014436
T_h,409,0.014398
T_h,410,0.015217
T_h,411,0.01389
T_h,412,0.0146
T_h,413,0.014421
T_h,414,0.014842
T_h,415,0.014927
T_h,416,0.014822
T_h,417,0.015481
T_h,418,0.014937
T_h,419,0.014611
T_h,420,0.014073
T_h,421,0.015233
T_h,422,0.015117
T_h,423,0.01567
T_h,424,0.014352
T_h,425,0.014816
T_h,426,0.014765
T_h,427,0.014747
T_h,428,0.014806
T_h,429,0.013771
T_h,430,0.015295
T_h,431,0.015192
T_h,432,0.015478
T_h,433,0.01615
T_h,434,0.014609
T_h,435,0.014778
T_h,436,0.014806
T_h,437,0.015965
T_h,438,0.013761
T_h,439,0.015091
T_h,440,0.013918
T_h,441,0.013251
T_h,442,0.013588
T_h,443,0.013971
T_h,444,0.015441
T_h,445,0.014279
T_h,446,0.014664
T_h,447,0.014102
T_h,448,0.015167
T_h,449,0.014139
T_h,450,0.015591
T_h,451,0.014204
T_h,452,0.014341
T_h,453,0.014874
T_h,454,0.014815
T_h,455,0.015655
T_h,456,0.014872
T_h,457,0.014075
T_h,458,0.014464
T_h,459,0.014456
T_h,460,0.015235
T_h,461,0.01503
T_h,462,0.014728
T_h,463,0.015322
T_h,464,0.014483
T_h,465,0.014718
T_h,466,0.014908
T_h,467,0.015717
T_h,468,0.014741
T_h,469,0.01459
T_h,470,0.014172
T_h,471,0.015212
T_h,472,0.014447
T_h,473,0.015006
T_h,474,0.013659
T_h,475,0.015426
T_h,476,0.014001
T_h,477,0.014334
T_h,478,0.015435
T_h,479,0.013999
T_h,480,0.014752
T_h,481,0.014845
T_h,482,0.014201
T_h,483,0.015606
T_h,484,0.015699
T_h,485,0.013617
T_h,486,0.013931
T_h,487,0.015285
T_h,488,0.014018
T_h,489,0.014567
T_h,490,0.014878
T_h,491,0.015215
T_h,492,0.014666
T_h,493,0.014857
T_h,494,0.014334
T_h,495,0.015575
T_h,496,0.014503
T_h,497,0.015004
T_h,498,0.014493
T_h,499,0.014864
T_h,500,0.014699
T_h,501,0.014703
T_h,502,0.014192
T_h,503,0.015278
T_h,504,0.015648
T_h,505,0.014946
T_h,506,0.015239
T_h,507,0.015303
T_h,508,0.015357
T_h,509,0.014982
T_h,510,0.014927
T_h,511,0.015318
T_h,512,0.014841
T_h,513,0.014216
T_h,514,0.014814
T_h,515,0.013667
T_h,516,0.014796
T_h,517,0.015048
T_h,518,0.015542
T_h,519,0.014891
T_h,520,0.015357
T_h,521,0.0148
T_h,522,0.014186
T_h,523,0.013953
T_h,524,0.014218
T_h,525,0.01398
T_h,526,0.01518
T_h,527,0.014675
T_h,528,0.015142
T_h,529,0.014844
T_h,530,0.015426
T_h,531,0.015436
T_h,532,0.014413
T_h,533,0.014635
T_h,534,0.01448
T_h,535,0.013827
T_h,536,0.015205
T_h,537,0.015513
T_h,538,0.014796
T_h,539,0.014504
T_h,540,0.015455
T_h,541,0.013393
T_h,542,0.014906
T_h,543,0.014886
T_h,544,0.014457
T_h,545,0.015635
T_h,546,0.015382
T_h,547,0.014643
T_h,548,0.014748
T_h,549,0.014567
T_h,550,0.014493
T_h,551,0.014015
T_h,552,0.015628
T_h,553,0.015417
T_h,554,0.015279
T_h,555,0.014143
T_h,556,0.016049
T_h,557,0.015988
T_h,558,0.014913
T_h,559,0.014257
T_h,560,0.01428
T_h,561,0.015051
T_h,562,0.014252
T_h,563,0.014779
T_h,564,0.015453
T_h,565,0.013896
T_h,566,0.016003
T_h,567,0.01574
T_h,568,0.014058
T_h,569,0.013952
T_h,570,0.01463
T_h,571,0.014181
T_h,572,0.014642
T_h,573,0.013251
T_h,574,0.014663
T_h,575,0.015882
T_h,576,0.01413
T_h,577,0.014636
T_h,578,0.013906
T_h,579,0.015183
T_h,580,0.014665
T_h,581,0.015964
T_h,582,0.014924
T_h,583,0.014577
T_h,584,0.01513
T_h,585,0.014496
T_h,586,0.013996
T_h,587,0.014981
T_h,588,0.014695
T_h,589,0.0149
T_h,590,0.015025
T_h,591,0.014494
T_h,592,0.015053
T_h,593,0.015843
T_h,594,0.014135
T_h,595,0.015842
T_h,596,0.014654
T_h,597,0.01434
T_h,598,0.016256
T_h,599,0.014893
T_h,600,0.015622
T_h,601,0.015291
T_h,602,0.013792
T_h,603,0.014872
T_h,604,0.014485
T_h,605,0.013995
T_h,606,0.013737
T_h,607,0.014861
T_h,608,0.015154
T_h,609,0.015034
T_h,610,0.014617
T_h,611,0.014321
T_h,612,0.014208
T_h,613,0.014467
T_h,614,0.01418
T_h,615,0.014678
T_h,616,0.014786
T_h,617,0.014262
T_h,618,0.014661
T_h,619,0.014344
T_h,620,0.014797
T_h,621,0.015104
T_h,622,0.014907
T_h,623,0.015083
T_h,624,0.013809
T_h,625,0.014573
T_h,626,0.014966
T_h,627,0.015185
T_h,628,0.013841
T_h,629,0.014896
T_h,630,0.015524
T_h,631,0.014693
T_h,632,0.014743
T_h,633,0.01507
T_h,634,0.014948
T_h,635,0.015205
T_h,636,0.014843
T_h,637,0.014891
T_h,638,0.014331
T_h,639,0.014698
T_h,640,0.015552
T_h,641,0.014677
T_h,642,0.014699
T_h,643,0.014505
T_h,644,0.015272
T_h,645,0.014287
T_h,646,0.015346
T_h,647,0.014238
T_h,648,0.014165
T_h,649,0.014924
T_h,650,0.014878
T_h,651,0.014979
T_h,652,0.015438
T_h,653,0.014553
T_h,654,0.015066
T_h,655,0.014254
T_h,656,0.015556
T_h,657,0.015179
T_h,658,0.015122
T_h,659,0.014913
T_h,660,0.014329
T_h,661,0.014604
T_h,662,0.015101
T_h,663,0.014788
T_h,664,0.014874
T_h,665,0.013984
T_h,666,0.014909
T_h,667,0.014385
T_h,668,0.01415
T_h,669,0.014707
T_h,670,0.013686
T_h,671,0.015219
T_h,672,0.015311
T_h,673,0.014768
T_h,674,0.014204
T_h,675,0.014233
T_h,676,0.014709
T_h,677,0.013346
T_h,678,0.014908
T_h,679,0.015199
T_h,680,0.014613
T_h,681,0.014503
T_h,682,0.014909
T_h,683,0.01501
T_h,684,0.015456
T_h,685,0.014811
T_h,686,0.014386
T_h,687,0.014523
T_h,688,0.014909
T_h,689,0.015734
T_h,690,0.014608
T_h,691,0.014168
T_h,692,0.014278
T_h,693,0.013542
T_h,694,0.014998
T_h,695,0.013983
T_h,696,0.01406
T_h,697,0.013614
T_h,698,0.014129
T_h,699,0.015141
T_h,700,0.014013
T_h,701,0.01375
T_h,702,0.014907
T_h,703,0.014595
T_h,704,0.015059
T_h,705,0.015244
T_h,706,0.014795
T_h,707,0.014021
T_h,708,0.014726
T_h,709,0.0151
T_h,710,0.01445
T_h,711,0.013938
T_h,712,0.015462
T_h,713,0.014551
T_h,714,0.014554
T_h,715,0.01481
T_h,716,0.015418
T_h,717,0.014958
T_h,718,0.0146
T_h,719,0.015209
T_h,720,0.016088
T_h,721,0.015633
T_h,722,0.015204
T_h,723,0.014127
T_h,724,0.017051
T_h,725,0.014081
T_h,726,0.014577
T_h,727,0.01438
T_h,728,0.015776
T_h,729,0.015052
T_h,730,0.013944
T_h,731,0.014961
T_h,732,0.015128
T_h,733,0.014609
T_h,734,0.014068
T_h,735,0.014365
T_h,736,0.014538
T_h,737,0.014814
T_h,738,0.014488
T_h,739,0.015241
T_h,740,0.01423
T_h,741,0.013761
T_h,742,0.014356
T_h,743,0.015609
T_h,744,0.014456
T_h,745,0.016204
T_h,746,0.015095
T_h,747,0.014101
T_h,748,0.014299
T_h,749,0.014946
T_h,750,0.014093
T_h,751,0.016225
T_h,752,0.014205
T_h,753,0.015209
T_h,754,0.015676
T_h,755,0.014734
T_h,756,0.014202
T_h,757,0.014636
T_h,758,0.015017
T_h,759,0.015325
T_h,760,0.014834
T_h,761,0.01396
T_h,762,0.014825
T_h,763,0.014396
T_h,764,0.01349
T_h,765,0.014381
T_h,766,0.013941
T_h,767,0.015152
T_h,768,0.015966
T_h,769,0.015915
T_h,770,0.014456
T_h,771,0.01452
T_h,772,0.015213
T_h,773,0.015437
T_h,774,0.014549
T_h,775,0.014714
T_h,776,0.016124
T_h,777,0.014736
T_h,778,0.014509
T_h,779,0.014872
T_h,780,0.015148
T_h,781,0.014187
T_h,782,0.014651
T_h,783,0.0141
T_h,784,0.014633
T_h,785,0.015926
T_h,786,0.015245
T_h,787,0.014744
T_h,788,0.01424
T_h,789,0.014613
T_h,790,0.01543
T_h,791,0.014463
T_h,792,0.01567
T_h,793,0.013976
T_h,794,0.014626
T_h,795,0.015846
T_h,796,0.013595
T_h,797,0.015513
T_h,798,0.013689
T_h,799,0.014746
T_h,800,0.014696
T_h,801,0.015295
T_h,802,0.012907
T_h,803,0.013649
T_h,804,0.01446
T_h,805,0.014822
T_h,806,0.014264
T_h,807,0.014667
T_h,808,0.014088
T_h,809,0.014559
T_h,810,0.014292
T_h,811,0.014946
T_h,812,0.015149
T_h,813,0.01566
T_h,814,0.014406
T_h,815,0.014609
T_h,816,0.014829
T_h,817,0.014623
T_h,818,0.014769
T_h,819,0.013863
T_h,820,0.015023
T_h,821,0.014251
T_h,822,0.014226
T_h,823,0.013847
T_h,824,0.015497
T_h,825,0.014716
T_h,826,0.01549
T_h,827,0.014963
T_h,828,0.013778
T_h,829,0.01415
T_h,830,0.015255
T_h,831,0.014341
T_h,832,0.014146
T_h,833,0.014692
T_h,834,0.014694
T_h,835,0.014193
T_h,836,0.014604
T_h,837,0.014513
T_h,838,0.013246
T_h,839,0.015102
T_h,840,0.014313
T_h,841,0.015583
T_h,842,0.01411
T_h,843,0.013852
T_h,844,0.015513
T_h,845,0.013849
T_h,846,0.014418
T_h,847,0.015158
T_h,848,0.014602
T_h,849,0.013807
T_h,850,0.014913
T_h,851,0.014683
T_h,852,0.01557
T_h,853,0.015153
T_h,854,0.016621
T_h,855,0.013812
T_h,856,0.014787
T_h,857,0.01416
T_h,858,0.015493
T_h,859,0.015293
T_h,860,0.015252
T_h,861,0.014334
T_h,862,0.014353
T_h,863,0.013582
T_h,864,0.015826
T_h,865,0.015105
T_h,866,0.014643
T_h,867,0.01536
T_h,868,0.015251
T_h,869,0.015385
T_h,870,0.013826
T_h,871,0.014372
T_h,872,0.014917
T_h,873,0.015013
T_h,874,0.015374
T_h,875,0.014195
T_h,876,0.014876
T_h,877,0.016123
T_h,878,0.015215
T_h,879,0.015322
T_h,880,0.014788
T_h,881,0.015261
T_h,882,0.015882
T_h,883,0.014864
T_h,884,0.015534
T_h,885,0.014275
T_h,886,0.015154
T_h,887,0.015343
T_h,888,0.014349
T_h,889,0.015459
T_h,890,0.014395
T_h,891,0.014317
T_h,892,0.014799
T_h,893,0.015959
T_h,894,0.014985
T_h,895,0.015361
T_h,896,0.014361
T_h,897,0.014846
T_h,898,0.014094
T_h,899,0.014457
T_h,900,0.015301
T_h,901,0.014777
T_h,902,0.015671
T_h,903,0.014679
T_h,904,0.014681
T_h,905,0.015566
T_h,906,0.014411
T_h,907,0.013888
T_h,908,0.015581
T_h,909,0.015049
T_h,910,0.013501
T_h,911,0.014827
T_h,912,0.014558
T_h,913,0.015847
T_h,914,0.014363
T_h,915,0.014452
T_h,916,0.014254
T_h,917,0.014168
T_h,918,0.01438
T_h,919,0.013938
T_h,920,0.014181
T_h,921,0.013836
T_h,922,0.013902
T_h,923,0.013864
T_h,924,0.014487
T_h,925,0.01439
T_h,926,0.014064
T_h,927,0.015087
T_h,928,0.014771
T_h,929,0.014541
T_h,930,0.014522
T_h,931,0.015756
T_h,932,0.014944
T_h,933,0.015085
T_h,934,0.013248
T_h,935,0.014408
T_h,936,0.013497
T_h,937,0.014544
T_h,938,0.015024
T_h,939,0.014395
T_h,940,0.015111
T_h,941,0.014186
T_h,942,0.015145
T_h,943,0.013868
T_h,944,0.014643
T_h,945,0.015052
T_h,946,0.015122
T_h,947,0.014724
T_h,948,0.015964
T_h,949,0.014551
T_h,950,0.014529
T_h,951,0.013144
T_h,952,0.015861
T_h,953,0.014579
T_h,954,0.014094
T_h,955,0.015593
T_h,956,0.015541
T_h,957,0.014865
T_h,958,0.013939
T_h,959,0.015051
T_h,960,0.014427
T_h,961,0.014098
T_h,962,0.015426
T_h,963,0.01352
T_h,964,0.01514
T_h,965,0.015076
T_h,966,0.016031
T_h,967,0.014995
T_h,968,0.013565
T_h,969,0.014298
T_h,970,0.014839
T_h,971,0.015013
T_h,972,0.015388
T_h,973,0.013624
T_h,974,0.014602
T_h,975,0.015382
T_h,976,0.015726
T_h,977,0.015917
T_h,978,0.014566
T_h,979,0.015459
T_h,980,0.015827
T_h,981,0.015519
T_h,982,0.015234
T_h,983,0.015297
T_h,984,0.014326
T_h,985,0.013932
T_h,986,0.01539
T_h,987,0.014592
T_h,988,0.014783
T_h,989,0.014453
T_h,990,0.014564
T_h,991,0.01494
T_h,992,0.014187
T_h,993,0.014841
T_h,994,0.014948
T_h,995,0.014754
T_h,996,0.014354
T_h,997,0.015272
T_h,998,0.015924
T_h,999,0.014439
T_se,0,0.022311
T_se,1,0.022
T_se,2,0.018812
T_se,3,0.020515
T_se,4,0.020628
T_se,5,0.021904
T_se,6,0.02137
T_se,7,0.021627
T_se,8,0.021773
T_se,9,0.020391
T_se,10,0.020528
T_se,11,0.020099
T_se,12,0.021047
T_se,13,0.021093
T_se,14,0.021354
T_se,15,0.020545
T_se,16,0.022016
T_se,17,0.022025
T_se,18,0.022592
T_se,19,0.02184
T_se,20,0.021367
T_se,21,0.021805
T_se,22,0.021749
T_se,23,0.020613
T_se,24,0.02236
T_se,25,0.022747
T_se,26,0.022979
T_se,27,0.021232
T_se,28,0.021492
T_se,29,0.021575
T_se,30,0.021198
T_se,31,0.021757
T_se,32,0.021091
T_se,33,0.021026
T_se,34,0.022783
T_se,35,0.021348
T_se,36,0.02126
T_se,37,0.021994
T_se,38,0.021335
T_se,39,0.021462
T_se,40,0.021143
T_se,41,0.020102
T_se,42,0.021172
T_se,43,0.020177
T_se,44,0.021389
T_se,45,0.020137
T_se,46,0.022025
T_se,47,0.021874
T_se,48,0.021452
T_se,49,0.02111
T_se,50,0.021575
T_se,51,0.019432
T_se,52,0.020213
T_se,53,0.021066
T_se,54,0.021511
T_se,55,0.021129
T_se,56,0.020296
T_se,57,0.02132
T_se,58,0.020792
T_se,59,0.020238
T_se,60,0.021497
T_se,61,0.021011
T_se,62,0.022277
T_se,63,0.021799
T_se,64,0.021861
T_se,65,0.021489
T_se,66,0.020439
T_se,67,0.020358
T_se,68,0.019876
T_se,69,0.023791
T_se,70,0.020228
T_se,71,0.021011
T_se,72,0.020876
T_se,73,0.020947
T_se,74,0.020674
T_se,75,0.019518
T_se,76,0.020302
T_se,77,0.019948
T_se,78,0.021086
T_se,79,0.020584
T_se,80,0.020582
T_se,81,0.021394
T_se,82,0.020675
T_se,83,0.022039
T_se,84,0.020852
T_se,85,0.021403
T_se,86,0.020007
T_se,87,0.021791
T_se,88,0.020835
T_se,89,0.021568
T_se,90,0.021497
T_se,91,0.021044
T_se,92,0.021396
T_se,93,0.020853
T_se,94,0.022411
T_se,95,0.022041
T_se,96,0.021634
T_se,97,0.020138
T_se,98,0.020211
T_se,99,0.020603
T_se,100,0.020979
T_se,101,0.021603
T_se,102,0.020393
T_se,103,0.022259
T_se,104,0.021203
T_se,105,0.019388
T_se,106,0.020772
T_se,107,0.018873
T_se,108,0.020523
T_se,109,0.020706
T_se,110,0.020651
T_se,111,0.020907
T_se,112,0.020845
T_se,113,0.020666
T_se,114,0.022552
T_se,115,0.022293
T_se,116,0.020172
T_se,117,0.022329
T_se,118,0.019741
T_se,119,0.020467
T_se,120,0.022573
T_se,121,0.019184
T_se,122,0.021717
T_se,123,0.020072
T_se,124,0.02107
T_se,125,0.021038
T_se,126,0.022727
T_se,127,0.02047
T_se,128,0.021138
T_se,129,0.021764
T_se,130,0.020973
T_se,131,0.02046
T_se,132,0.021147
T_se,133,0.021284
T_se,134,0.021996
T_se,135,0.020351
T_se,136,0.020796
T_se,137,0.021491
T_se,138,0.02105
T_se,139,0.021033
T_se,140,0.021185
T_se,141,0.020574
T_se,142,0.02048
T_se,143,0.021597
T_se,144,0.020214
T_se,145,0.022249
T_se,146,0.021396
T_se,147,0.020051
T_se,148,0.021455
T_se,149,0.021351
T_se,150,0.021886
T_se,151,0.022243
T_se,152,0.02087
T_se,153,0.020563
T_se,154,0.020655
T_se,155,0.020317
T_se,156,0.020528
T_se,157,0.021456
T_se,158,0.021214
T_se,159,0.020758
T_se,160,0.020536
T_se,161,0.021513
T_se,162,0.020749
T_se,163,0.020264
T_se,164,0.021063
T_se,165,0.020962
T_se,166,0.020237
T_se,167,0.021944
T_se,168,0.021961
T_se,169,0.021237
T_se,170,0.021318
T_se,171,0.021675
T_se,172,0.021172
T_se,173,0.022002
T_se,174,0.02269
T_se,175,0.021272
T_se,176,0.021596
T_se,177,0.021986
T_se,178,0.020896
T_se,179,0.020185
T_se,180,0.022015
T_se,181,0.019788
T_se,182,0.02281
T_se,183,0.021983
T_se,184,0.021369
T_se,185,0.021246
T_se,186,0.022776
T_se,187,0.020348
T_se,188,0.020156
T_se,189,0.020662
T_se,190,0.020964
T_se,191,0.020294
T_se,192,0.021338
T_se,193,0.021322
T_se,194,0.020468
T_se,195,0.022643
T_se,196,0.019947
T_se,197,0.020051
T_se,198,0.021539
T_se,199,0.021013
T_se,200,0.021576
T_se,201,0.020643
T_se,202,0.02027
T_se,203,0.020619
T_se,204,0.020585
T_se,205,0.021672
T_se,206,0.020768
T_se,207,0.021885
T_se,208,0.021729
T_se,209,0.022137
T_se,210,0.022011
T_se,211,0.021906
T_se,212,0.021893
T_se,213,0.020735
T_se,214,0.020964
T_se,215,0.019553
T_se,216,0.021463
T_se,217,0.020594
T_se,218,0.021561
T_se,219,0.021675
T_se,220,0.019983
T_se,221,0.020288
T_se,222,0.020886
T_se,223,0.020734
T_se,224,0.02135
T_se,225,0.02016
T_se,226,0.021242
T_se,227,0.01968
T_se,228,0.01926
T_se,229,0.021845
T_se,230,0.020025
T_se,231,0.020696
T_se,232,0.019924
T_se,233,0.019932
T_se,234,0.020841
T_se,235,0.020831
T_se,236,0.022084
T_se,237,0.021605
T_se,238,0.020965
T_se,239,0.021882
T_se,240,0.022205
T_se,241,0.02157
T_se,242,0.020834
T_se,243,0.022117
T_se,244,0.022792
T_se,245,0.021794
T_se,246,0.022794
T_se,247,0.022034
T_se,248,0.021964
T_se,249,0.020219
T_se,250,0.020198
T_se,251,0.021155
T_se,252,0.019697
T_se,253,0.020666
T_se,254,0.021981
T_se,255,0.020601
T_se,256,0.02168
T_se,257,0.019984
T_se,258,0.020756
T_se,259,0.022121
T_se,260,0.021388
T_se,261,0.021461
T_se,262,0.022734
T_se,263,0.022367
T_se,264,0.020411
T_se,265,0.022386
T_se,266,0.020646
T_se,267,0.021184
T_se,268,0.021214
T_se,269,0.022166
T_se,270,0.020184
T_se,271,0.021607
T_se,272,0.021672
T_se,273,0.02193
T_se,274,0.021011
T_se,275,0.022103
T_se,276,0.02056
T_se,277,0.022232
T_se,278,0.021517
T_se,279,0.01994
T_se,280,0.021567
T_se,281,0.021361
T_se,282,0.02088
T_se,283,0.020537
T_se,284,0.020984
T_se,285,0.019902
T_se,286,0.022722
T_se,287,0.020185
T_se,288,0.020605
T_se,289,0.02223
T_se,290,0.021727
T_se,291,0.021848
T_se,292,0.022565
T_se,293,0.020919
T_se,294,0.020258
T_se,295,0.02196
T_se,296,0.021917
T_se,297,0.020906
T_se,298,0.020061
T_se,299,0.022315
T_se,300,0.021718
T_se,301,0.019964
T_se,302,0.021902
T_se,303,0.019903
T_se,304,0.020766
T_se,305,0.020189
T_se,306,0.020626
T_se,307,0.02045
T_se,308,0.020648
T_se,309,0.021852
T_se,310,0.021465
T_se,311,0.021766
T_se,312,0.022183
T_se,313,0.020865
T_se,314,0.021272
T_se,315,0.021684
T_se,316,0.022736
T_se,317,0.022009
T_se,318,0.022443
T_se,319,0.022117
T_se,320,0.022152
T_se,321,0.019594
T_se,322,0.021993
T_se,323,0.021392
T_se,324,0.021249
T_se,325,0.020725
T_se,326,0.020817
T_se,327,0.021575
T_se,328,0.021956
T_se,329,0.019852
T_se,330,0.021396
T_se,331,0.020695
T_se,332,0.020344
T_se,333,0.021553
T_se,334,0.020904
T_se,335,0.020607
T_se,336,0.020508
T_se,337,0.021453
T_se,338,0.021191
T_se,339,0.020218
T_se,340,0.020443
T_se,341,0.021036
T_se,342,0.021565
T_se,343,0.020255
T_se,344,0.021639
T_se,345,0.020458
T_se,346,0.023655
T_se,347,0.020353
T_se,348,0.020489
T_se,349,0.021375
T_se,350,0.020388
T_se,351,0.021945
T_se,352,0.022821
T_se,353,0.020851
T_se,354,0.021355
T_se,355,0.020734
T_se,356,0.0212
T_se,357,0.022489
T_se,358,0.022005
T_se,359,0.020386
T_se,360,0.022591
T_se,361,0.022246
T_se,362,0.021638
T_se,363,0.020607
T_se,364,0.021259
T_se,365,0.020484
T_se,366,0.021621
T_se,367,0.020915
T_se,368,0.019189
T_se,369,0.022034
T_se,370,0.021372
T_se,371,0.022171
T_se,372,0.021077
T_se,373,0.02137
T_se,374,0.022204
T_se,375,0.021549
T_se,376,0.021459
T_se,377,0.024093
T_se,378,0.021048
T_se,379,0.021352
T_se,380,0.022761
T_se,381,0.020475
T_se,382,0.020263
T_se,383,0.019911
T_se,384,0.02168
T_se,385,0.021763
T_se,386,0.021867
T_se,387,0.019982
T_se,388,0.022105
T_se,389,0.022278
T_se,390,0.021112
T_se,391,0.021229
T_se,392,0.021808
T_se,393,0.02153
T_se,394,0.021778
T_se,395,0.020223
T_se,396,0.021043
T_se,397,0.020109
T_se,398,0.021768
T_se,399,0.021677
T_se,400,0.021111
T_se,401,0.021467
T_se,402,0.019799
T_se,403,0.021972
T_se,404,0.020779
T_se,405,0.021316
T_se,406,0.022204
T_se,407,0.020519
T_se,408,0.022278
T_se,409,0.021312
T_se,410,0.021225
T_se,411,0.0217
T_se,412,0.020078
T_se,413,0.021735
T_se,414,0.021255
T_se,415,0.022133
T_se,416,0.021005
T_se,417,0.020873
T_se,418,0.021533
T_se,419,0.021147
T_se,420,0.020143
T_se,421,0.021025
T_se,422,0.022341
T_se,423,0.021116
T_se,424,0.020417
T_se,425,0.021844
T_se,426,0.019532
T_se,427,0.019292
T_se,428,0.021196
T_se,429,0.021363
T_se,430,0.021398
T_se,431,0.020396
T_se,432,0.021065
T_se,433,0.019941
T_se,434,0.021398
T_se,435,0.019746
T_se,436,0.021066
T_se,437,0.021435
T_se,438,0.019619
T_se,439,0.02073
T_se,440,0.021909
T_se,441,0.022594
T_se,442,0.019846
T_se,443,0.021506
T_se,444,0.020088
T_se,445,0.019989
T_se,446,0.022636
T_se,447,0.021801
T_se,448,0.020476
T_se,449,0.021397
T_se,450,0.021778
T_se,451,0.021363
T_se,452,0.023223
T_se,453,0.021745
T_se,454,0.018506
T_se,455,0.020939
T_se,456,0.020537
T_se,457,0.021016
T_se,458,0.021212
T_se,459,0.020614
T_se,460,0.020224
T_se,461,0.022427
T_se,462,0.021738
T_se,463,0.020596
T_se,464,0.021812
T_se,465,0.021808
T_se,466,0.022341
T_se,467,0.02025
T_se,468,0.021902
T_se,469,0.020653
T_se,470,0.02224
T_se,471,0.021027
T_se,472,0.019155
T_se,473,0.021232
T_se,474,0.019594
T_se,475,0.021005
T_se,476,0.021148
T_se,477,0.020839
T_se,478,0.019862
T_se,479,0.020196
T_se,480,0.02044
T_se,481,0.020977
T_se,482,0.02236
T_se,483,0.021838
T_se,484,0.020775
T_se,485,0.022346
T_se,486,0.019969
T_se,487,0.021817
T_se,488,0.021042
T_se,489,0.021413
T_se,490,0.021775
T_se,491,0.020588
T_se,492,0.021921
T_se,493,0.021192
T_se,494,0.023371
T_se,495,0.020926
T_se,496,0.022342
T_se,497,0.021782
T_se,498,0.020143
T_se,499,0.022425
T_se,500,0.020246
T_se,501,0.019191
T_se,502,0.021968
T_se,503,0.022162
T_se,504,0.021247
T_se,505,0.020965
T_se,506,0.022625
T_se,507,0.021841
T_se,508,0.02061
T_se,509,0.021858
T_se,510,0.020081
T_se,511,0.020697
T_se,512,0.020254
T_se,513,0.01922
T_se,514,0.02014
T_se,515,0.0223
T_se,516,0.020212
T_se,517,0.020705
T_se,518,0.020155
T_se,519,0.021979
T_se,520,0.021201
T_se,521,0.021642
T_se,522,0.021105
T_se,523,0.020146
T_se,524,0.020323
T_se,525,0.021954
T_se,526,0.021148
T_se,527,0.021897
T_se,528,0.018354
T_se,529,0.022199
T_se,530,0.020755
T_se,531,0.023156
T_se,532,0.02074
T_se,533,0.021225
T_se,534,0.021794
T_se,535,0.020412
T_se,536,0.021985
T_se,537,0.020619
T_se,538,0.02236
T_se,539,0.021914
T_se,540,0.021646
T_se,541,0.020548
T_se,542,0.02101
T_se,543,0.02147
T_se,544,0.01937
T_se,545,0.020703
T_se,546,0.022044
T_se,547,0.020059
T_se,548,0.022351
T_se,549,0.020635
T_se,550,0.021491
T_se,551,0.020167
T_se,552,0.021636
T_se,553,0.021616
T_se,554,0.022223
T_se,555,0.022419
T_se,556,0.022328
T_se,557,0.021388
T_se,558,0.020096
T_se,559,0.022391
T_se,560,0.020026
T_se,561,0.020805
T_se,562,0.021863
T_se,563,0.021599
T_se,564,0.022634
T_se,565,0.021196
T_se,566,0.019679
T_se,567,0.020952
T_se,568,0.021357
T_se,569,0.020884
T_se,570,0.022471
T_se,571,0.020977
T_se,572,0.019908
T_se,573,0.02162
T_se,574,0.020167
T_se,575,0.02273
T_se,576,0.021443
T_se,577,0.019937
T_se,578,0.022171
T_se,579,0.023332
T_se,580,0.019396
T_se,581,0.022013
T_se,582,0.021636
T_se,583,0.021358
T_se,584,0.021509
T_se,585,0.021643
T_se,586,0.020576
T_se,587,0.02247
T_se,588,0.019985
T_se,589,0.022963
T_se,590,0.022575
T_se,591,0.020132
T_se,592,0.021195
T_se,593,0.022478
T_se,594,0.020758
T_se,595,0.021054
T_se,596,0.020838
T_se,597,0.022251
T_se,598,0.020653
T_se,599,0.021191
T_se,600,0.021686
T_se,601,0.021013
T_se,602,0.02042
T_se,603,0.019993
T_se,604,0.019834
T_se,605,0.020138
T_se,606,0.019652
T_se,607,0.020546
T_se,608,0.02147
T_se,609,0.021249
T_se,610,0.020456
T_se,611,0.020284
T_se,612,0.020306
T_se,613,0.019951
T_se,614,0.020088
T_se,615,0.021843
T_se,616,0.019936
T_se,617,0.021216
T_se,618,0.020644
T_se,619,0.023385
T_se,620,0.019583
T_se,621,0.021374
T_se,622,0.0209
T_se,623,0.020506
T_se,624,0.021484
T_se,625,0.02134
T_se,626,0.020238
T_se,627,0.021584
T_se,628,0.02155
T_se,629,0.022379
T_se,630,0.020651
T_se,631,0.022523
T_se,632,0.021023
T_se,633,0.019422
T_se,634,0.021671
T_se,635,0.021127
T_se,636,0.020406
T_se,637,0.02204
T_se,638,0.020776
T_se,639,0.022115
T_se,640,0.021126
T_se,641,0.021875
T_se,642,0.021812
T_se,643,0.021626
T_se,644,0.020271
T_se,645,0.022028
T_se,646,0.02122
T_se,647,0.023002
T_se,648,0.021631
T_se,649,0.021876
T_se,650,0.020512
T_se,651,0.020834
T_se,652,0.021287
T_se,653,0.020147
T_se,654,0.020147
T_se,655,0.021102
T_se,656,0.02113
T_se,657,0.021382
T_se,658,0.022205
T_se,659,0.02084
T_se,660,0.021813
T_se,661,0.02107
T_se,662,0.021025
T_se,663,0.021431
T_se,664,0.019339
T_se,665,0.02126
T_se,666,0.020626
T_se,667,0.020363
T_se,668,0.019502
T_se,669,0.020801
T_se,670,0.01951
T_se,671,0.021983
T_se,672,0.020985
T_se,673,0.019686
T_se,674,0.020594
T_se,675,0.021879
T_se,676,0.020665
T_se,677,0.020947
T_se,678,0.020868
T_se,679,0.021085
T_se,680,0.01967
T_se,681,0.021159
T_se,682,0.020698
T_se,683,0.023858
T_se,684,0.021008
T_se,685,0.02079
T_se,686,0.02209
T_se,687,0.02106
T_se,688,0.021428
T_se,689,0.020413
T_se,690,0.0226
T_se,691,0.020635
T_se,692,0.021538
T_se,693,0.022219
T_se,694,0.020926
T_se,695,0.0212
T_se,696,0.021728
T_se,697,0.021814
T_se,698,0.020219
T_se,699,0.021363
T_se,700,0.020349
T_se,701,0.020529
T_se,702,0.020616
T_se,703,0.022294
T_se,704,0.022637
T_se,705,0.023545
T_se,706,0.021149
T_se,707,0.020443
T_se,708,0.020327
T_se,709,0.022647
T_se,710,0.019815
T_se,711,0.020915
T_se,712,0.020691
T_se,713,0.022775
T_se,714,0.020288
T_se,715,0.022191
T_se,716,0.022382
T_se,717,0.02105
T_se,718,0.021619
T_se,719,0.019815
T_se,720,0.021121
T_se,721,0.021006
T_se,722,0.018878
T_se,723,0.021574
T_se,724,0.02152
T_se,725,0.019676
T_se,726,0.019929
T_se,727,0.020526
T_se,728,0.020724
T_se,729,0.020924
T_se,730,0.020338
T_se,731,0.020293
T_se,732,0.021476
T_se,733,0.020772
T_se,734,0.021104
T_se,735,0.020993
T_se,736,0.021611
T_se,737,0.021061
T_se,738,0.021975
T_se,739,0.021293
T_se,740,0.022
T_se,741,0.022322
T_se,742,0.019886
T_se,743,0.02203
T_se,744,0.022805
T_se,745,0.020325
T_se,746,0.021171
T_se,747,0.020879
T_se,748,0.021597
T_se,749,0.021668
T_se,750,0.020598
T_se,751,0.022381
T_se,752,0.020429
T_se,753,0.021076
T_se,754,0.022121
T_se,755,0.022958
T_se,756,0.020739
T_se,757,0.021904
T_se,758,0.021398
T_se,759,0.019776
T_se,760,0.02034
T_se,761,0.020116
T_se,762,0.020747
T_se,763,0.020825
T_se,764,0.021225
T_se,765,0.02235
T_se,766,0.02158
T_se,767,0.023588
T_se,768,0.020981
T_se,769,0.02191
T_se,770,0.021573
T_se,771,0.022556
T_se,772,0.020859
T_se,773,0.021961
T_se,774,0.022666
T_se,775,0.020551
T_se,776,0.021133
T_se,777,0.021654
T_se,778,0.020809
T_se,779,0.020412
T_se,780,0.022849
T_se,781,0.020993
T_se,782,0.022761
T_se,783,0.020742
T_se,784,0.021014
T_se,785,0.021917
T_se,786,0.021015
T_se,787,0.020391
T_se,788,0.020552
T_se,789,0.021445
T_se,790,0.0206
T_se,791,0.021279
T_se,792,0.019168
T_se,793,0.020698
T_se,794,0.021038
T_se,795,0.020739
T_se,796,0.020306
T_se,797,0.020405
T_se,798,0.021263
T_se,799,0.022538
T_se,800,0.019941
T_se,801,0.020951
T_se,802,0.022079
T_se,803,0.021501
T_se,804,0.021116
T_se,805,0.020794
T_se,806,0.021212
T_se,807,0.021109
T_se,808,0.019232
T_se,809,0.020556
T_se,810,0.019445
T_se,811,0.022362
T_se,812,0.02194
T_se,813,0.020491
T_se,814,0.021924
T_se,815,0.023404
T_se,816,0.020639
T_se,817,0.022369
T_se,818,0.021526
T_se,819,0.020987
T_se,820,0.020205
T_se,821,0.0207
T_se,822,0.020845
T_se,823,0.019116
T_se,824,0.021677
T_se,825,0.02091
T_se,826,0.021613
T_se,827,0.020823
T_se,828,0.023898
T_se,829,0.019708
T_se,830,0.02036
T_se,831,0.021835
T_se,832,0.023323
T_se,833,0.020307
T_se,834,0.022846
T_se,835,0.020375
T_se,836,0.022364
T_se,837,0.021268
T_se,838,0.023207
T_se,839,0.022804
T_se,840,0.020617
T_se,841,0.023842
T_se,842,0.020188
T_se,843,0.020918
T_se,844,0.022827
T_se,845,0.020539
T_se,846,0.020623
T_se,847,0.021318
T_se,848,0.021607
T_se,849,0.021548
T_se,850,0.020529
T_se,851,0.021377
T_se,852,0.021774
T_se,853,0.022554
T_se,854,0.021495
T_se,855,0.020072
T_se,856,0.021226
T_se,857,0.020641
T_se,858,0.022387
T_se,859,0.019692
T_se,860,0.021704
T_se,861,0.020241
T_se,862,0.022345
T_se,863,0.021894
T_se,864,0.021397
T_se,865,0.021654
T_se,866,0.020897
T_se,867,0.021808
T_se,868,0.021155
T_se,869,0.021858
T_se,870,0.021253
T_se,871,0.018967
T_se,872,0.020738
T_se,873,0.022566
T_se,874,0.022507
T_se,875,0.021294
T_se,876,0.021087
T_se,877,0.020898
T_se,878,0.021768
T_se,879,0.021721
T_se,880,0.020319
T_se,881,0.021795
T_se,882,0.02231
T_se,883,0.020341
T_se,884,0.021032
T_se,885,0.021617
T_se,886,0.02185
T_se,887,0.020822
T_se,888,0.020724
T_se,889,0.020783
T_se,890,0.021547
T_se,891,0.021586
T_se,892,0.021183
T_se,893,0.019972
T_se,894,0.020219
T_se,895,0.021773
T_se,896,0.020101
T_se,897,0.021404
T_se,898,0.020875
T_se,899,0.020658
T_se,900,0.021224
T_se,901,0.022709
T_se,902,0.02146
T_se,903,0.020934
T_se,904,0.019874
T_se,905,0.021661
T_se,906,0.022223
T_se,907,0.021747
T_se,908,0.022249
T_se,909,0.021629
T_se,910,0.020027
T_se,911,0.02116
T_se,912,0.021672
T_se,913,0.021849
T_se,914,0.020756
T_se,915,0.021143
T_se,916,0.021529
T_se,917,0.022344
T_se,918,0.022105
T_se,919,0.021782
T_se,920,0.021557
T_se,921,0.020277
T_se,922,0.020209
T_se,923,0.021117
T_se,924,0.022137
T_se,925,0.021556
T_se,926,0.021705
T_se,927,0.019849
T_se,928,0.019885
T_se,929,0.022208
T_se,930,0.021169
T_se,931,0.020018
T_se,932,0.021994
T_se,933,0.021432
T_se,934,0.023856
T_se,935,0.022325
T_se,936,0.021512
T_se,937,0.021064
T_se,938,0.021409
T_se,939,0.021108
T_se,940,0.019905
T_se,941,0.022035
T_se,942,0.021447
T_se,943,0.018721
T_se,944,0.020628
T_se,945,0.020454
T_se,946,0.022083
T_se,947,0.02116
T_se,948,0.022539
T_se,949,0.019768
T_se,950,0.020232
T_se,951,0.02216
T_se,952,0.02061
T_se,953,0.020247
T_se,954,0.020726
T_se,955,0.020516
T_se,956,0.021685
T_se,957,0.022206
T_se,958,0.019772
T_se,959,0.020938
T_se,960,0.021213
T_se,961,0.021274
T_se,962,0.02195
T_se,963,0.021308
T_se,964,0.020678
T_se,965,0.020199
T_se,966,0.019558
T_se,967,0.020866
T_se,968,0.021213
T_se,969,0.02203
T_se,970,0.02086
T_se,971,0.023291
T_se,972,0.021131
T_se,973,0.020765
T_se,974,0.021543
T_se,975,0.020326
T_se,976,0.021388
T_se,977,0.019342
T_se,978,0.021808
T_se,979,0.02126
T_se,980,0.02139
T_se,981,0.021339
T_se,982,0.020054
T_se,983,0.020391
T_se,984,0.02261
T_se,985,0.021645
T_se,986,0.020662
T_se,987,0.021579
T_se,988,0.021567
T_se,989,0.022959
T_se,990,0.022199
T_se,991,0.02157
T_se,992,0.020796
T_se,993,0.022805
T_se,994,0.021109
T_se,995,0.020417
T_se,996,0.020102
T_se,997,0.020424
T_se,998,0.020872
T_se,999,0.021889
T_f,0,12.564373
T_f,1,12.607193
T_f,2,12.427536
T_f,3,12.549669
T_f,4,12.806677
T_f,5,12.563852
T_f,6,12.688519
T_f,7,12.128085
T_f,8,12.266476
T_f,9,12.264799
T_f,10,11.918134
T_f,11,12.413262
T_f,12,12.650641
T_f,13,12.303643
T_f,14,12.43518
T_f,15,12.24627
T_f,16,12.311489
T_f,17,12.451356
T_f,18,12.18476
T_f,19,12.611326
T_f,20,12.054623
T_f,21,12.458002
T_f,22,12.311533
T_f,23,12.668046
T_f,24,12.537132
T_f,25,12.024851
T_f,26,11.963969
T_f,27,12.219756
T_f,28,12.309599
T_f,29,12.365979
T_f,30,12.405444
T_f,31,12.521247
T_f,32,12.154122
T_f,33,12.075902
T_f,34,12.445443
T_f,35,12.335023
T_f,36,12.381393
T_f,37,12.284471
T_f,38,12.368822
T_f,39,12.667571
T_f,40,12.107811
T_f,41,12.179405
T_f,42,12.515488
T_f,43,12.682133
T_f,44,12.362983
T_f,45,12.172711
T_f,46,12.039798
T_f,47,12.446898
T_f,48,12.175116
T_f,49,12.791604
T_f,50,12.821489
T_f,51,12.440734
T_f,52,12.487383
T_f,53,12.378776
T_f,54,12.605523
T_f,55,12.399447
T_f,56,12.411404
T_f,57,12.644873
T_f,58,12.512713
T_f,59,12.783577
T_f,60,12.105371
T_f,61,12.299995
T_f,62,12.237297
T_f,63,12.55152
T_f,64,12.311154
T_f,65,12.50842
T_f,66,12.189582
T_f,67,12.383019
T_f,68,12.813459
T_f,69,12.694906
T_f,70,12.061864
T_f,71,12.465626
T_f,72,12.548744
T_f,73,12.311187
T_f,74,12.201572
T_f,75,12.519158
T_f,76,12.418149
T_f,77,12.499457
T_f,78,12.371551
T_f,79,12.81961
T_f,80,12.235509
T_f,81,12.31072
T_f,82,12.492679
T_f,83,12.531714
T_f,84,12.151832
T_f,85,12.633516
T_f,86,12.137539
T_f,87,12.401152
T_f,88,12.344735
T_f,89,12.272628
T_f,90,12.603985
T_f,91,11.97753
T_f,92,12.268459
T_f,93,12.237503
T_f,94,12.557482
T_f,95,12.679076
T_f,96,12.539584
T_f,97,12.651151
T_f,98,11.99958
T_f,99,12.429448
T_f,100,12.151054
T_f,101,12.332506
T_f,102,12.444041
T_f,103,12.417032
T_f,104,12.647636
T_f,105,12.043846
T_f,106,12.249567
T_f,107,12.133487
T_f,108,12.105018
T_f,109,12.58104
T_f,110,12.432835
T_f,111,12.68019
T_f,112,12.613337
T_f,113,12.412267
T_f,114,12.225469
T_f,115,12.578523
T_f,116,12.275511
T_f,117,12.184104
T_f,118,12.192926
T_f,119,12.421934
T_f,120,12.627795
T_f,121,12.40947
T_f,122,12.620397
T_f,123,12.416442
T_f,124,12.323239
T_f,125,12.889811
T_f,126,12.727788
T_f,127,12.435443
T_f,128,12.250205
T_f,129,12.110375
T_f,130,12.472244
T_f,131,12.354008
T_f,132,12.48406
T_f,133,12.458147
T_f,134,12.47853
T_f,135,12.605601
T_f,136,12.45656
T_f,137,12.26978
T_f,138,12.261301
T_f,139,12.504963
T_f,140,12.207071
T_f,141,12.529302
T_f,142,12.528555
T_f,143,12.392101
T_f,144,12.259344
T_f,145,12.080259
T_f,146,12.197686
T_f,147,12.107333
T_f,148,12.404801
T_f,149,12.320388
T_f,150,12.234281
T_f,151,12.557069
T_f,152,12.423279
T_f,153,12.408566
T_f,154,12.500461
T_f,155,12.586561
T_f,156,12.111492
T_f,157,12.527202
T_f,158,12.074391
T_f,159,12.257011
T_f,160,12.582186
T_f,161,12.52442
T_f,162,12.519653
T_f,163,12.432775
T_f,164,12.654336
T_f,165,12.122656
T_f,166,12.345072
T_f,167,12.408523
T_f,168,12.766351
T_f,169,12.584779
T_f,170,12.586917
T_f,171,12.262958
T_f,172,12.804939
T_f,173,12.484926
T_f,174,12.218934
T_f,175,12.822165
T_f,176,12.143157
T_f,177,12.243634
T_f,178,12.35788
T_f,179,12.223524
T_f,180,12.494898
T_f,181,12.449817
T_f,182,12.420431
T_f,183,12.740885
T_f,184,12.105886
T_f,185,12.645949
T_f,186,12.251563
T_f,187,12.66319
T_f,188,12.742939
T_f,189,12.81428
T_f,190,12.365707
T_f,191,12.190613
T_f,192,12.459027
T_f,193,12.390394
T_f,194,12.082687
T_f,195,12.532398
T_f,196,12.233918
T_f,197,12.659562
T_f,198,12.573729
T_f,199,12.349359
T_f,200,12.40651
T_f,201,12.356338
T_f,202,12.317669
T_f,203,12.957696
T_f,204,12.231485
T_f,205,12.409961
T_f,206,12.578465
T_f,207,12.330819
T_f,208,12.286862
T_f,209,12.160762
T_f,210,12.614566
T_f,211,12.528161
T_f,212,12.484588
T_f,213,12.128417
T_f,214,12.490645
T_f,215,12.451355
T_f,216,12.339149
T_f,217,12.152187
T_f,218,12.389797
T_f,219,12.243248
T_f,220,12.414406
T_f,221,12.411401
T_f,222,12.339132
T_f,223,12.558764
T_f,224,12.388111
T_f,225,12.495236
T_f,226,12.475312
T_f,227,12.581471
T_f,228,12.226469
T_f,229,12.337845
T_f,230,12.565959
T_f,231,12.427636
T_f,232,12.602645
T_f,233,12.534144
T_f,234,12.319958
T_f,235,12.558492
T_f,236,12.353653
T_f,237,12.572189
T_f,238,12.733678
T_f,239,12.596487
T_f,240,12.81211
T_f,241,12.120715
T_f,242,12.301293
T_f,243,12.352058
T_f,244,12.327948
T_f,245,12.467041
T_f,246,12.33374
T_f,247,12.599099
T_f,248,12.577257
T_f,249,12.474425
T_f,250,12.217802
T_f,251,12.498527
T_f,252,12.521372
T_f,253,12.463699
T_f,254,12.405401
T_f,255,12.65206
T_f,256,12.301291
T_f,257,12.333994
T_f,258,12.52007
T_f,259,12.495542
T_f,260,12.553468
T_f,261,12.348878
T_f,262,12.163353
T_f,263,12.177235
T_f,264,12.322119
T_f,265,12.542637
T_f,266,12.542608
T_f,267,12.073136
T_f,268,12.496101
T_f,269,12.384299
T_f,270,12.212421
T_f,271,12.79434
T_f,272,12.447512
T_f,273,12.548935
T_f,274,12.862155
T_f,275,12.295399
T_f,276,12.328578
T_f,277,12.668023
T_f,278,12.164619
T_f,279,12.413314
T_f,280,12.408319
T_f,281,12.574633
T_f,282,12.47297
T_f,283,12.235628
T_f,284,12.575004
T_f,285,12.552127
T_f,286,12.210819
T_f,287,12.276195
T_f,288,12.305355
T_f,289,12.193119
T_f,290,12.59164
T_f,291,12.341708
T_f,292,12.349991
T_f,293,12.213204
T_f,294,12.328983
T_f,295,12.667291
T_f,296,12.534692
T_f,297,12.108869
T_f,298,12.221853
T_f,299,12.514408
T_f,300,12.310338
T_f,301,12.300417
T_f,302,12.245111
T_f,303,12.160408
T_f,304,12.417152
T_f,305,12.331551
T_f,306,12.605268
T_f,307,12.387993
T_f,308,12.226269
T_f,309,12.524885
T_f,310,12.642307
T_f,311,12.267567
T_f,312,12.093536
T_f,313,12.313786
T_f,314,12.157016
T_f,315,12.695491
T_f,316,12.150206
T_f,317,12.341015
T_f,318,12.665234
T_f,319,12.556818
T_f,320,12.307541
T_f,321,12.259048
T_f,322,12.367331
T_f,323,12.356772
T_f,324,12.669352
T_f,325,12.37216
T_f,326,12.157005
T_f,327,12.577439
T_f,328,12.586576
T_f,329,12.359177
T_f,330,12.538983
T_f,331,12.409224
T_f,332,12.182776
T_f,333,12.385407
T_f,334,12.193958
T_f,335,12.285852
T_f,336,12.230998
T_f,337,12.459912
T_f,338,12.433567
T_f,339,12.162458
T_f,340,12.234426
T_f,341,12.399515
T_f,342,12.483586
T_f,343,12.413003
T_f,344,12.002777
T_f,345,12.631643
T_f,346,12.719016
T_f,347,12.685083
T_f,348,12.497939
T_f,349,12.520957
T_f,350,12.282245
T_f,351,12.433944
T_f,352,12.196487
T_f,353,12.421917
T_f,354,12.142655
T_f,355,12.505336
T_f,356,12.33618
T_f,357,12.538072
T_f,358,12.432863
T_f,359,12.317279
T_f,360,12.551799
T_f,361,12.188787
T_f,362,12.352327
T_f,363,12.303242
T_f,364,12.533915
T_f,365,12.386407
T_f,366,12.448603
T_f,367,12.494585
T_f,368,11.977699
T_f,369,12.233263
T_f,370,12.420867
T_f,371,12.582246
T_f,372,12.503066
T_f,373,12.635938
T_f,374,12.360108
T_f,375,12.418122
T_f,376,12.310036
T_f,377,12.321579
T_f,378,12.250521
T_f,379,12.302209
T_f,380,12.365716
T_f,381,12.28272
T_f,382,12.404783
T_f,383,12.072646
T_f,384,12.477028
T_f,385,12.431942
T_f,386,12.480321
T_f,387,12.316571
T_f,388,12.30852
T_f,389,12.576825
T_f,390,12.372189
T_f,391,12.757579
T_f,392,12.146899
T_f,393,12.355474
T_f,394,12.197073
T_f,395,12.258386
T_f,396,12.257802
T_f,397,12.313468
T_f,398,12.540912
T_f,399,12.194099
T_f,400,12.509802
T_f,401,12.14064
T_f,402,12.327005
T_f,403,12.637566
T_f,404,12.483168
T_f,405,12.44901
T_f,406,12.513419
T_f,407,12.503676
T_f,408,12.513041
T_f,409,12.652659
T_f,410,12.213078
T_f,411,12.387267
T_f,412,12.514708
T_f,413,12.534936
T_f,414,12.50045
T_f,415,12.635177
T_f,416,12.309821
T_f,417,12.15705
T_f,418,12.62903
T_f,419,12.399855
T_f,420,12.301236
T_f,421,12.406437
T_f,422,12.32219
T_f,423,12.581117
T_f,424,12.56023
T_f,425,12.456112
T_f,426,12.497357
T_f,427,12.405869
T_f,428,12.584772
T_f,429,11.974602
T_f,430,12.189725
T_f,431,12.392813
T_f,432,12.325574
T_f,433,12.228907
T_f,434,12.511594
T_f,435,12.223891
T_f,436,12.439125
T_f,437,12.422372
T_f,438,12.410385
T_f,439,12.250747
T_f,440,12.36523
T_f,441,12.620849
T_f,442,12.497834
T_f,443,12.573311
T_f,444,12.385585
T_f,445,12.093589
T_f,446,12.316036
T_f,447,12.372878
T_f,448,12.634271
T_f,449,12.604472
T_f,450,12.476472
T_f,451,12.245825
T_f,452,12.42312
T_f,453,12.352888
T_f,454,12.356169
T_f,455,12.177966
T_f,456,12.483503
T_f,457,12.394628
T_f,458,12.544789
T_f,459,12.136907
T_f,460,12.197143
T_f,461,13.056329
T_f,462,12.241591
T_f,463,12.451765
T_f,464,12.478796
T_f,465,12.223207
T_f,466,12.710969
T_f,467,12.388188
T_f,468,12.426906
T_f,469,12.72731
T_f,470,12.257616
T_f,471,12.312225
T_f,472,12.337808
T_f,473,12.152924
T_f,474,12.449651
T_f,475,12.48515
T_f,476,12.432998
T_f,477,12.518049
T_f,478,12.555818
T_f,479,12.460967
T_f,480,12.356541
T_f,481,12.619675
T_f,482,12.274601
T_f,483,12.651344
T_f,484,12.365268
T_f,485,12.537664
T_f,486,12.728779
T_f,487,11.992336
T_f,488,12.365393
T_f,489,12.327289
T_f,490,12.70733
T_f,491,12.326772
T_f,492,12.891224
T_f,493,12.124977
T_f,494,12.462911
T_f,495,12.330466
T_f,496,12.490916
T_f,497,12.298274
T_f,498,12.318814
T_f,499,12.071891
T_f,500,12.419471
T_f,501,12.130374
T_f,502,12.16426
T_f,503,12.415637
T_f,504,12.378157
T_f,505,12.584876
T_f,506,12.156437
T_f,507,12.475782
T_f,508,12.45805
T_f,509,12.345573
T_f,510,12.255346
T_f,511,12.385763
T_f,512,12.559117
T_f,513,12.332724
T_f,514,12.552513
T_f,515,12.350715
T_f,516,12.710463
T_f,517,12.404825
T_f,518,12.368402
T_f,519,12.110051
T_f,520,12.143113
T_f,521,12.468632
T_f,522,12.359059
T_f,523,12.45063
T_f,524,12.276764
T_f,525,12.372921
T_f,526,12.287735
T_f,527,12.453136
T_f,528,12.36073
T_f,529,12.735637
T_f,530,12.276146
T_f,531,12.601386
T_f,532,12.210191
T_f,533,12.31624
T_f,534,12.248522
T_f,535,12.626735
T_f,536,12.478658
T_f,537,12.424691
T_f,538,12.442202
T_f,539,12.204814
T_f,540,12.652524
T_f,541,12.650115
T_f,542,12.393826
T_f,543,12.402387
T_f,544,12.516844
T_f,545,12.368454
T_f,546,12.363968
T_f,547,12.311295
T_f,548,12.33774
T_f,549,12.314309
T_f,550,12.531374
T_f,551,12.340907
T_f,552,12.322894
T_f,553,12.287172
T_f,554,12.130091
T_f,555,12.680833
T_f,556,12.491547
T_f,557,12.55597
T_f,558,12.304618
T_f,559,12.662296
T_f,560,12.426137
T_f,561,12.661475
T_f,562,12.397593
T_f,563,12.39196
T_f,564,12.304968
T_f,565,12.413948
T_f,566,12.440497
T_f,567,12.668685
T_f,568,12.677148
T_f,569,12.41619
T_f,570,12.619427
T_f,571,11.910823
T_f,572,12.315347
T_f,573,12.444948
T_f,574,12.559682
T_f,575,12.476158
T_f,576,12.38991
T_f,577,12.31693
T_f,578,12.256042
T_f,579,12.742353
T_f,580,12.602001
T_f,581,12.6354
T_f,582,12.401909
T_f,583,12.303796
T_f,584,12.499845
T_f,585,12.395568
T_f,586,12.376946
T_f,587,12.395526
T_f,588,12.286069
T_f,589,12.243145
T_f,590,12.356367
T_f,591,12.150624
T_f,592,12.507685
T_f,593,12.550939
T_f,594,12.261483
T_f,595,12.071063
T_f,596,12.470844
T_f,597,12.442918
T_f,598,12.403691
T_f,599,12.159803
T_f,600,12.054807
T_f,601,12.708081
T_f,602,12.361047
T_f,603,12.490792
T_f,604,12.387265
T_f,605,12.474437
T_f,606,12.169912
T_f,607,12.319772
T_f,608,12.156035
T_f,609,12.204312
T_f,610,12.272376
T_f,611,12.074821
T_f,612,12.316984
T_f,613,12.27204
T_f,614,12.186481
T_f,615,12.376089
T_f,616,12.397959
T_f,617,12.249345
T_f,618,12.762155
T_f,619,12.529277
T_f,620,12.601898
T_f,621,12.340891
T_f,622,12.560848
T_f,623,12.537804
T_f,624,12.216669
T_f,625,12.277202
T_f,626,12.92474
T_f,627,12.325981
T_f,628,12.487635
T_f,629,12.361372
T_f,630,12.549651
T_f,631,12.220975
T_f,632,12.219047
T_f,633,12.604181
T_f,634,12.435736
T_f,635,11.954028
T_f,636,12.404215
T_f,637,12.367246
T_f,638,12.52792
T_f,639,12.45779
T_f,640,12.461595
T_f,641,12.415744
T_f,642,12.452284
T_f,643,12.192528
T_f,644,12.253318
T_f,645,12.246584
T_f,646,12.158591
T_f,647,12.541886
T_f,648,12.593965
T_f,649,12.510519
T_f,650,12.291778
T_f,651,12.303317
T_f,652,12.320823
T_f,653,12.600322
T_f,654,12.494793
T_f,655,12.713004
T_f,656,12.225476
T_f,657,12.359386
T_f,658,12.173078
T_f,659,12.144896
T_f,660,12.372053
T_f,661,12.339573
T_f,662,12.307693
T_f,663,12.12375
T_f,664,12.435419
T_f,665,12.348903
T_f,666,12.564676
T_f,667,12.49909
T_f,668,12.163886
T_f,669,12.471225
T_f,670,12.292204
T_f,671,12.675851
T_f,672,12.394674
T_f,673,12.309368
T_f,674,12.326823
T_f,675,12.129839
T_f,676,12.629402
T_f,677,12.781484
T_f,678,12.088637
T_f,679,12.354677
T_f,680,12.380127
T_f,681,12.29303
T_f,682,12.619157
T_f,683,12.624539
T_f,684,12.355838
T_f,685,12.772831
T_f,686,12.405899
T_f,687,12.356457
T_f,688,12.450365
T_f,689,12.265714
T_f,690,12.661564
T_f,691,12.510995
T_f,692,12.33611
T_f,693,12.366607
T_f,694,12.236601
T_f,695,12.447252
T_f,696,12.167145
T_f,697,12.400571
T_f,698,12.306903
T_f,699,12.50207
T_f,700,12.587662
T_f,701,12.541649
T_f,702,12.377937
T_f,703,12.272268
T_f,704,12.346061
T_f,705,12.397006
T_f,706,12.487825
T_f,707,12.297729
T_f,708,12.22589
T_f,709,12.431217
T_f,710,12.644584
T_f,711,12.737018
T_f,712,12.542776
T_f,713,12.221752
T_f,714,12.653547
T_f,715,12.247781
T_f,716,12.261297
T_f,717,12.47697
T_f,718,12.151541
T_f,719,12.544302
T_f,720,12.390347
T_f,721,12.471842
T_f,722,12.251783
T_f,723,12.552357
T_f,724,12.492362
T_f,725,12.334601
T_f,726,12.570151
T_f,727,11.921149
T_f,728,12.465216
T_f,729,12.380643
T_f,730,12.2569
T_f,731,12.431898
T_f,732,12.489964
T_f,733,12.267347
T_f,734,12.378485
T_f,735,12.392544
T_f,736,12.47072
T_f,737,12.620819
T_f,738,12.316489
T_f,739,12.637045
T_f,740,12.16524
T_f,741,12.45414
T_f,742,12.09047
T_f,743,12.41292
T_f,744,12.530006
T_f,745,12.764134
T_f,746,12.408884
T_f,747,12.265303
T_f,748,12.584769
T_f,749,12.407408
T_f,750,12.417701
T_f,751,12.565063
T_f,752,12.596695
T_f,753,12.088217
T_f,754,12.409279
T_f,755,12.397049
T_f,756,12.207477
T_f,757,12.107698
T_f,758,12.387968
T_f,759,12.316528
T_f,760,12.269554
T_f,761,12.375274
T_f,762,12.336816
T_f,763,12.403167
T_f,764,12.683822
T_f,765,12.394577
T_f,766,12.738467
T_f,767,12.623938
T_f,768,12.574165
T_f,769,12.268869
T_f,770,12.347182
T_f,771,12.23445
T_f,772,12.474857
T_f,773,12.387929
T_f,774,12.479506
T_f,775,12.454454
T_f,776,12.430212
T_f,777,12.335756
T_f,778,12.224862
T_f,779,12.320497
T_f,780,12.528991
T_f,781,12.370501
T_f,782,12.389196
T_f,783,12.556206
T_f,784,12.487764
T_f,785,12.134535
T_f,786,12.385526
T_f,787,12.243167
T_f,788,12.390247
T_f,789,12.470249
T_f,790,12.491695
T_f,791,12.699481
T_f,792,12.309853
T_f,793,12.34691
T_f,794,12.503325
T_f,795,12.573157
T_f,796,12.214344
T_f,797,12.523609
T_f,798,12.519786
T_f,799,12.372936
T_f,800,12.349402
T_f,801,12.531877
T_f,802,12.476891
T_f,803,12.472127
T_f,804,12.268277
T_f,805,12.089985
T_f,806,12.383079
T_f,807,12.351202
T_f,808,12.482467
T_f,809,12.262388
T_f,810,12.514245
T_f,811,12.47373
T_f,812,12.266777
T_f,813,12.570105
T_f,814,12.338275
T_f,815,12.274636
T_f,816,12.445156
T_f,817,12.397352
T_f,818,12.23709
T_f,819,12.511625
T_f,820,12.398352
T_f,821,12.263522
T_f,822,12.084286
T_f,823,12.476755
T_f,824,12.417824
T_f,825,12.421489
T_f,826,12.647828
T_f,827,11.951689
T_f,828,12.628457
T_f,829,12.645484
T_f,830,12.223586
T_f,831,12.582641
T_f,832,12.253847
T_f,833,12.212349
T_f,834,12.381749
T_f,835,12.728977
T_f,836,12.4651
T_f,837,12.408973
T_f,838,12.559422
T_f,839,12.28795
T_f,840,12.669553
T_f,841,12.682712
T_f,842,12.477258
T_f,843,12.258112
T_f,844,12.592963
T_f,845,12.453045
T_f,846,12.51586
T_f,847,12.604582
T_f,848,12.478558
T_f,849,12.237543
T_f,850,12.668258
T_f,851,12.450269
T_f,852,12.458348
T_f,853,12.510717
T_f,854,12.456112
T_f,855,12.534631
T_f,856,12.435543
T_f,857,12.368034
T_f,858,12.300967
T_f,859,12.307961
T_f,860,12.34813
T_f,861,12.578099
T_f,862,12.339359
T_f,863,12.380006
T_f,864,12.381809
T_f,865,12.496096
T_f,866,12.516817
T_f,867,12.7554
T_f,868,12.149249
T_f,869,12.358969
T_f,870,12.503144
T_f,871,12.096678
T_f,872,12.713441
T_f,873,12.3791
T_f,874,12.25708
T_f,875,12.574736
T_f,876,12.004359
T_f,877,12.438203
T_f,878,12.22153
T_f,879,12.397316
T_f,880,12.46733
T_f,881,12.542656
T_f,882,12.474039
T_f,883,12.77555
T_f,884,12.411156
T_f,885,12.338453
T_f,886,12.620701
T_f,887,12.388245
T_f,888,12.475279
T_f,889,11.691291
T_f,890,12.481584
T_f,891,12.386542
T_f,892,12.321718
T_f,893,12.281858
T_f,894,12.562567
T_f,895,12.0325
T_f,896,12.96685
T_f,897,12.607742
T_f,898,12.466564
T_f,899,12.742067
T_f,900,12.449438
T_f,901,12.238906
T_f,902,12.584875
T_f,903,12.105513
T_f,904,12.508012
T_f,905,12.615658
T_f,906,12.496294
T_f,907,12.138783
T_f,908,12.436921
T_f,909,12.377844
T_f,910,12.266402
T_f,911,11.983844
T_f,912,12.18661
T_f,913,12.309868
T_f,914,12.6026
T_f,915,12.895568
T_f,916,12.554222
T_f,917,12.258113
T_f,918,12.324213
T_f,919,12.594794
T_f,920,12.510482
T_f,921,12.470365
T_f,922,12.442857
T_f,923,12.615873
T_f,924,12.80247
T_f,925,12.401728
T_f,926,12.42858
T_f,927,12.490795
T_f,928,12.316812
T_f,929,12.005327
T_f,930,12.488872
T_f,931,12.267956
T_f,932,12.636989
T_f,933,12.432837
T_f,934,12.669536
T_f,935,12.245639
T_f,936,12.603614
T_f,937,12.106306
T_f,938,12.56878
T_f,939,12.357296
T_f,940,12.568738
T_f,941,12.33554
T_f,942,12.522844
T_f,943,12.490474
T_f,944,12.468968
T_f,945,12.479682
T_f,946,12.702478
T_f,947,12.298966
T_f,948,12.652614
T_f,949,12.336259
T_f,950,12.617251
T_f,951,12.82115
T_f,952,12.256302
T_f,953,12.011914
T_f,954,12.429471
T_f,955,12.275496
T_f,956,12.305233
T_f,957,12.340733
T_f,958,12.303918
T_f,959,12.657581
T_f,960,12.602571
T_f,961,12.608638
T_f,962,12.816184
T_f,963,12.261261
T_f,964,11.950579
T_f,965,12.764239
T_f,966,12.445085
T_f,967,12.389977
T_f,968,12.075475
T_f,969,12.156695
T_f,970,12.524543
T_f,971,12.374234
T_f,972,12.012483
T_f,973,12.230714
T_f,974,12.588844
T_f,975,12.630161
T_f,976,12.438548
T_f,977,12.910119
T_f,978,12.58481
T_f,979,12.725848
T_f,980,12.639993
T_f,981,12.549623
T_f,982,12.158944
T_f,983,12.111935
T_f,984,12.266557
T_f,985,12.446504
T_f,986,12.400195
T_f,987,12.467447
T_f,988,12.3964
T_f,989,12.485997
T_f,990,12.577759
T_f,991,12.401431
T_f,992,12.348163
T_f,993,11.928167
T_f,994,12.556999
T_f,995,12.260799
T_f,996,12.236354
T_f,997,12.556184
T_f,998,12.56532
T_f,999,12.522394
T_p,0,0.015672
T_p,1,0.014444
T_p,2,0.014962
T_p,3,0.01477
T_p,4,0.016138
T_p,5,0.015618
T_p,6,0.014954
T_p,7,0.015605
T_p,8,0.015325
T_p,9,0.01503
T_p,10,0.01538
T_p,11,0.01561
T_p,12,0.015015
T_p,13,0.01435
T_p,14,0.015313
T_p,15,0.014942
T_p,16,0.014413
T_p,17,0.014639
T_p,18,0.01495
T_p,19,0.015116
T_p,20,0.015437
T_p,21,0.014973
T_p,22,0.01537
T_p,23,0.014876
T_p,24,0.015427
T_p,25,0.015342
T_p,26,0.015442
T_p,27,0.015962
T_p,28,0.01493
T_p,29,0.014144
T_p,30,0.015053
T_p,31,0.015586
T_p,32,0.015115
T_p,33,0.015291
T_p,34,0.014066
T_p,35,0.0146
T_p,36,0.015423
T_p,37,0.015567
T_p,38,0.01465
T_p,39,0.01532
T_p,40,0.014673
T_p,41,0.014409
T_p,42,0.015143
T_p,43,0.01523
T_p,44,0.015338
T_p,45,0.015538
T_p,46,0.016106
T_p,47,0.015669
T_p,48,0.014883
T_p,49,0.015664
T_p,50,0.014219
T_p,51,0.01516
T_p,52,0.015732
T_p,53,0.015507
T_p,54,0.015597
T_p,55,0.016246
T_p,56,0.014656
T_p,57,0.015577
T_p,58,0.015044
T_p,59,0.015769
T_p,60,0.015171
T_p,61,0.015569
T_p,62,0.016028
T_p,63,0.015479
T_p,64,0.014974
T_p,65,0.014879
T_p,66,0.014684
T_p,67,0.015723
T_p,68,0.015887
T_p,69,0.014953
T_p,70,0.014014
T_p,71,0.01472
T_p,72,0.01536
T_p,73,0.014532
T_p,74,0.013925
T_p,75,0.014833
T_p,76,0.013876
T_p,77,0.015295
T_p,78,0.014859
T_p,79,0.015136
T_p,80,0.015878
T_p,81,0.014555
T_p,82,0.013811
T_p,83,0.015083
T_p,84,0.015381
T_p,85,0.014242
T_p,86,0.014879
T_p,87,0.014892
T_p,88,0.015117
T_p,89,0.014731
T_p,90,0.016698
T_p,91,0.014943
T_p,92,0.015212
T_p,93,0.014809
T_p,94,0.013514
T_p,95,0.015929
T_p,96,0.013206
T_p,97,0.015914
T_p,98,0.014307
T_p,99,0.014285
T_p,100,0.015035
T_p,101,0.016418
T_p,102,0.015292
T_p,103,0.014985
T_p,104,0.014639
T_p,105,0.01549
T_p,106,0.014878
T_p,107,0.015528
T_p,108,0.013922
T_p,109,0.015417
T_p,110,0.015291
T_p,111,0.014284
T_p,112,0.01448
T_p,113,0.015012
T_p,114,0.014808
T_p,115,0.015274
T_p,116,0.014239
T_p,117,0.014569
T_p,118,0.016368
T_p,119,0.014595
T_p,120,0.014844
T_p,121,0.014994
T_p,122,0.014933
T_p,123,0.015824
T_p,124,0.014757
T_p,125,0.015613
T_p,126,0.014587
T_p,127,0.015564
T_p,128,0.014972
T_p,129,0.014995
T_p,130,0.015047
T_p,131,0.01543
T_p,132,0.014384
T_p,133,0.014518
T_p,134,0.016322
T_p,135,0.015404
T_p,136,0.014883
T_p,137,0.015485
T_p,138,0.015064
T_p,139,0.013749
T_p,140,0.015197
T_p,141,0.015027
T_p,142,0.015309
T_p,143,0.014635
T_p,144,0.014968
T_p,145,0.015785
T_p,146,0.015009
T_p,147,0.014843
T_p,148,0.015319
T_p,149,0.014864
T_p,150,0.015741
T_p,151,0.014995
T_p,152,0.015318
T_p,153,0.014678
T_p,154,0.014351
T_p,155,0.015532
T_p,156,0.015257
T_p,157,0.015482
T_p,158,0.015542
T_p,159,0.014218
T_p,160,0.015172
T_p,161,0.013897
T_p,162,0.015412
T_p,163,0.014449
T_p,164,0.01538
T_p,165,0.015536
T_p,166,0.014776
T_p,167,0.015086
T_p,168,0.015833
T_p,169,0.014108
T_p,170,0.015486
T_p,171,0.015171
T_p,172,0.015669
T_p,173,0.014109
T_p,174,0.015102
T_p,175,0.015763
T_p,176,0.015915
T_p,177,0.014638
T_p,178,0.014932
T_p,179,0.016205
T_p,180,0.014248
T_p,181,0.015073
T_p,182,0.015206
T_p,183,0.015205
T_p,184,0.014539
T_p,185,0.015679
T_p,186,0.015633
T_p,187,0.01619
T_p,188,0.014624
T_p,189,0.014811
T_p,190,0.015758
T_p,191,0.016189
T_p,192,0.015094
T_p,193,0.014183
T_p,194,0.01497
T_p,195,0.015679
T_p,196,0.015507
T_p,197,0.015768
T_p,198,0.016255
T_p,199,0.014841
T_p,200,0.014557
T_p,201,0.014378
T_p,202,0.015026
T_p,203,0.015711
T_p,204,0.016136
T_p,205,0.015231
T_p,206,0.015109
T_p,207,0.01502
T_p,208,0.015836
T_p,209,0.014643
T_p,210,0.015037
T_p,211,0.015054
T_p,212,0.015084
T_p,213,0.016185
T_p,214,0.014565
T_p,215,0.016573
T_p,216,0.014707
T_p,217,0.014608
T_p,218,0.014703
T_p,219,0.015489
T_p,220,0.015092
T_p,221,0.015773
T_p,222,0.014606
T_p,223,0.014096
T_p,224,0.014877
T_p,225,0.015268
T_p,226,0.014218
T_p,227,0.015036
T_p,228,0.015421
T_p,229,0.014616
T_p,230,0.014606
T_p,231,0.014443
T_p,232,0.015014
T_p,233,0.015374
T_p,234,0.016749
T_p,235,0.015799
T_p,236,0.014343
T_p,237,0.014178
T_p,238,0.015034
T_p,239,0.016043
T_p,240,0.015494
T_p,241,0.014784
T_p,242,0.015701
T_p,243,0.015926
T_p,244,0.015977
T_p,245,0.01446
T_p,246,0.015362
T_p,247,0.014331
T_p,248,0.014617
T_p,249,0.014333
T_p,250,0.014943
T_p,251,0.014238
T_p,252,0.015565
T_p,253,0.015093
T_p,254,0.014581
T_p,255,0.015391
T_p,256,0.016018
T_p,257,0.015307
T_p,258,0.01475
T_p,259,0.01493
T_p,260,0.015038
T_p,261,0.014679
T_p,262,0.014073
T_p,263,0.014873
T_p,264,0.015846
T_p,265,0.014604
T_p,266,0.013942
T_p,267,0.015047
T_p,268,0.015762
T_p,269,0.014067
T_p,270,0.015214
T_p,271,0.015347
T_p,272,0.015422
T_p,273,0.015434
T_p,274,0.015465
T_p,275,0.01415
T_p,276,0.01547
T_p,277,0.015927
T_p,278,0.014967
T_p,279,0.015323
T_p,280,0.014491
T_p,281,0.015882
T_p,282,0.014729
T_p,283,0.01609
T_p,284,0.014872
T_p,285,0.015507
T_p,286,0.01478
T_p,287,0.016227
T_p,288,0.013917
T_p,289,0.015322
T_p,290,0.013852
T_p,291,0.014377
T_p,292,0.016235
T_p,293,0.015645
T_p,294,0.013894
T_p,295,0.015096
T_p,296,0.014728
T_p,297,0.015442
T_p,298,0.01621
T_p,299,0.015492
T_p,300,0.015361
T_p,301,0.015405
T_p,302,0.014444
T_p,303,0.015521
T_p,304,0.015653
T_p,305,0.014733
T_p,306,0.014715
T_p,307,0.01597
T_p,308,0.015225
T_p,309,0.014418
T_p,310,0.014846
T_p,311,0.014825
T_p,312,0.015061
T_p,313,0.015056
T_p,314,0.01495
T_p,315,0.016104
T_p,316,0.015599
T_p,317,0.01599
T_p,318,0.014083
T_p,319,0.015167
T_p,320,0.015805
T_p,321,0.015535
T_p,322,0.014692
T_p,323,0.014646
T_p,324,0.015676
T_p,325,0.014972
T_p,326,0.015489
T_p,327,0.015194
T_p,328,0.015029
T_p,329,0.015172
T_p,330,0.014602
T_p,331,0.016121
T_p,332,0.015429
T_p,333,0.01594
T_p,334,0.014782
T_p,335,0.014776
T_p,336,0.014908
T_p,337,0.014583
T_p,338,0.015507
T_p,339,0.015528
T_p,340,0.014792
T_p,341,0.014908
T_p,342,0.015326
T_p,343,0.014648
T_p,344,0.014854
T_p,345,0.016036
T_p,346,0.014652
T_p,347,0.01479
T_p,348,0.016603
T_p,349,0.013824
T_p,350,0.014389
T_p,351,0.016178
T_p,352,0.014854
T_p,353,0.0154
T_p,354,0.016372
T_p,355,0.01467
T_p,356,0.014745
T_p,357,0.015346
T_p,358,0.015055
T_p,359,0.014785
T_p,360,0.01502
T_p,361,0.014303
T_p,362,0.015379
T_p,363,0.015601
T_p,364,0.015003
T_p,365,0.014966
T_p,366,0.015429
T_p,367,0.014777
T_p,368,0.014915
T_p,369,0.015059
T_p,370,0.015983
T_p,371,0.01507
T_p,372,0.015032
T_p,373,0.015002
T_p,374,0.01487
T_p,375,0.014521
T_p,376,0.014549
T_p,377,0.015616
T_p,378,0.014759
T_p,379,0.015155
T_p,380,0.014814
T_p,381,0.014303
T_p,382,0.014821
T_p,383,0.015938
T_p,384,0.014851
T_p,385,0.014694
T_p,386,0.014843
T_p,387,0.014899
T_p,388,0.015237
T_p,389,0.014853
T_p,390,0.015041
T_p,391,0.014805
T_p,392,0.015315
T_p,393,0.015287
T_p,394,0.015227
T_p,395,0.01548
T_p,396,0.01504
T_p,397,0.015828
T_p,398,0.01538
T_p,399,0.015993
T_p,400,0.015052
T_p,401,0.015263
T_p,402,0.014691
T_p,403,0.015109
T_p,404,0.015591
T_p,405,0.014881
T_p,406,0.015995
T_p,407,0.015115
T_p,408,0.01605
T_p,409,0.014471
T_p,410,0.014934
T_p,411,0.014802
T_p,412,0.015706
T_p,413,0.015485
T_p,414,0.015054
T_p,415,0.014827
T_p,416,0.015084
T_p,417,0.015535
T_p,418,0.015601
T_p,419,0.015064
T_p,420,0.014832
T_p,421,0.015161
T_p,422,0.015178
T_p,423,0.015252
T_p,424,0.014828
T_p,425,0.016144
T_p,426,0.014723
T_p,427,0.016007
T_p,428,0.015936
T_p,429,0.015668
T_p,430,0.016224
T_p,431,0.015434
T_p,432,0.01491
T_p,433,0.014786
T_p,434,0.014697
T_p,435,0.015602
T_p,436,0.014212
T_p,437,0.014247
T_p,438,0.016019
T_p,439,0.015708
T_p,440,0.015349
T_p,441,0.015654
T_p,442,0.015565
T_p,443,0.014988
T_p,444,0.014219
T_p,445,0.01587
T_p,446,0.015368
T_p,447,0.014274
T_p,448,0.015185
T_p,449,0.014819
T_p,450,0.015031
T_p,451,0.014903
T_p,452,0.015431
T_p,453,0.014975
T_p,454,0.014407
T_p,455,0.015504
T_p,456,0.015391
T_p,457,0.014245
T_p,458,0.015345
T_p,459,0.015633
T_p,460,0.015009
T_p,461,0.015213
T_p,462,0.014641
T_p,463,0.01405
T_p,464,0.015413
T_p,465,0.015047
T_p,466,0.015358
T_p,467,0.014959
T_p,468,0.014944
T_p,469,0.015197
T_p,470,0.015062
T_p,471,0.01562
T_p,472,0.014846
T_p,473,0.014233
T_p,474,0.015186
T_p,475,0.014318
T_p,476,0.01358
T_p,477,0.014442
T_p,478,0.014837
T_p,479,0.014622
T_p,480,0.014178
T_p,481,0.014965
T_p,482,0.01583
T_p,483,0.015598
T_p,484,0.015105
T_p,485,0.015653
T_p,486,0.014836
T_p,487,0.014571
T_p,488,0.015507
T_p,489,0.01445
T_p,490,0.0153
T_p,491,0.015085
T_p,492,0.014882
T_p,493,0.014825
T_p,494,0.015782
T_p,495,0.014146
T_p,496,0.015261
T_p,497,0.014927
T_p,498,0.014655
T_p,499,0.015123
T_p,500,0.015289
T_p,501,0.015064
T_p,502,0.015247
T_p,503,0.015949
T_p,504,0.014739
T_p,505,0.015351
T_p,506,0.014057
T_p,507,0.015374
T_p,508,0.01398
T_p,509,0.015479
T_p,510,0.014815
T_p,511,0.015198
T_p,512,0.014227
T_p,513,0.015114
T_p,514,0.015594
T_p,515,0.015472
T_p,516,0.01509
T_p,517,0.015096
T_p,518,0.015787
T_p,519,0.015542
T_p,520,0.014725
T_p,521,0.014752
T_p,522,0.014692
T_p,523,0.015079
T_p,524,0.014404
T_p,525,0.013805
T_p,526,0.014969
T_p,527,0.015252
T_p,528,0.015212
T_p,529,0.015751
T_p,530,0.014324
T_p,531,0.014792
T_p,532,0.014235
T_p,533,0.015247
T_p,534,0.015037
T_p,535,0.014812
T_p,536,0.015125
T_p,537,0.014676
T_p,538,0.014487
T_p,539,0.016048
T_p,540,0.015586
T_p,541,0.01499
T_p,542,0.014175
T_p,543,0.014971
T_p,544,0.015445
T_p,545,0.015202
T_p,546,0.015705
T_p,547,0.015836
T_p,548,0.015049
T_p,549,0.014819
T_p,550,0.014803
T_p,551,0.014852
T_p,552,0.015643
T_p,553,0.014846
T_p,554,0.014092
T_p,555,0.015379
T_p,556,0.015041
T_p,557,0.01482
T_p,558,0.013922
T_p,559,0.015802
T_p,560,0.015518
T_p,561,0.014418
T_p,562,0.015191
T_p,563,0.01445
T_p,564,0.014284
T_p,565,0.013841
T_p,566,0.015568
T_p,567,0.015628
T_p,568,0.014914
T_p,569,0.015064
T_p,570,0.016153
T_p,571,0.014647
T_p,572,0.014389
T_p,573,0.015177
T_p,574,0.01543
T_p,575,0.014922
T_p,576,0.014244
T_p,577,0.01464
T_p,578,0.015511
T_p,579,0.015529
T_p,580,0.014098
T_p,581,0.014366
T_p,582,0.014509
T_p,583,0.015085
T_p,584,0.016424
T_p,585,0.014929
T_p,586,0.015137
T_p,587,0.014622
T_p,588,0.016651
T_p,589,0.014739
T_p,590,0.014793
T_p,591,0.015194
T_p,592,0.014305
T_p,593,0.015585
T_p,594,0.015095
T_p,595,0.014594
T_p,596,0.014743
T_p,597,0.013964
T_p,598,0.014767
T_p,599,0.013735
T_p,600,0.01483
T_p,601,0.014803
T_p,602,0.014747
T_p,603,0.01475
T_p,604,0.014595
T_p,605,0.01584
T_p,606,0.015964
T_p,607,0.014998
T_p,608,0.015786
T_p,609,0.014916
T_p,610,0.014919
T_p,611,0.014603
T_p,612,0.015518
T_p,613,0.015471
T_p,614,0.014326
T_p,615,0.015196
T_p,616,0.01479
T_p,617,0.014559
T_p,618,0.015085
T_p,619,0.013949
T_p,620,0.01484
T_p,621,0.016234
T_p,622,0.015361
T_p,623,0.014419
T_p,624,0.015432
T_p,625,0.015153
T_p,626,0.014908
T_p,627,0.014749
T_p,628,0.0151
T_p,629,0.014745
T_p,630,0.014996
T_p,631,0.015544
T_p,632,0.015589
T_p,633,0.014322
T_p,634,0.014819
T_p,635,0.016064
T_p,636,0.016178
T_p,637,0.015322
T_p,638,0.016066
T_p,639,0.015825
T_p,640,0.015021
T_p,641,0.013902
T_p,642,0.015063
T_p,643,0.014331
T_p,644,0.015182
T_p,645,0.016148
T_p,646,0.015249
T_p,647,0.014629
T_p,648,0.014398
T_p,649,0.013922
T_p,650,0.013956
T_p,651,0.016076
T_p,652,0.015614
T_p,653,0.015021
T_p,654,0.015008
T_p,655,0.015069
T_p,656,0.015093
T_p,657,0.015935
T_p,658,0.015334
T_p,659,0.013911
T_p,660,0.015736
T_p,661,0.013942
T_p,662,0.014856
T_p,663,0.014268
T_p,664,0.015124
T_p,665,0.014346
T_p,666,0.014273
T_p,667,0.014472
T_p,668,0.015588
T_p,669,0.014989
T_p,670,0.0155
T_p,671,0.015916
T_p,672,0.015243
T_p,673,0.015442
T_p,674,0.014518
T_p,675,0.015049
T_p,676,0.014411
T_p,677,0.015432
T_p,678,0.015644
T_p,679,0.01568
T_p,680,0.015083
T_p,681,0.015637
T_p,682,0.015013
T_p,683,0.014763
T_p,684,0.015401
T_p,685,0.015536
T_p,686,0.016422
T_p,687,0.015537
T_p,688,0.014439
T_p,689,0.014513
T_p,690,0.014319
T_p,691,0.015146
T_p,692,0.01444
T_p,693,0.015917
T_p,694,0.014925
T_p,695,0.015485
T_p,696,0.015191
T_p,697,0.015306
T_p,698,0.014478
T_p,699,0.01508
T_p,700,0.014844
T_p,701,0.015039
T_p,702,0.015175
T_p,703,0.015509
T_p,704,0.014821
T_p,705,0.015594
T_p,706,0.015298
T_p,707,0.016083
T_p,708,0.013112
T_p,709,0.014714
T_p,710,0.015855
T_p,711,0.013587
T_p,712,0.015991
T_p,713,0.015149
T_p,714,0.013875
T_p,715,0.015535
T_p,716,0.014468
T_p,717,0.014552
T_p,718,0.015979
T_p,719,0.014868
T_p,720,0.014524
T_p,721,0.016305
T_p,722,0.015657
T_p,723,0.014899
T_p,724,0.014626
T_p,725,0.014978
T_p,726,0.016046
T_p,727,0.01451
T_p,728,0.014336
T_p,729,0.015865
T_p,730,0.014931
T_p,731,0.01516
T_p,732,0.015415
T_p,733,0.014866
T_p,734,0.013646
T_p,735,0.014973
T_p,736,0.015845
T_p,737,0.016403
T_p,738,0.015029
T_p,739,0.015083
T_p,740,0.015919
T_p,741,0.015457
T_p,742,0.015277
T_p,743,0.013913
T_p,744,0.01485
T_p,745,0.015229
T_p,746,0.014192
T_p,747,0.01488
T_p,748,0.016125
T_p,749,0.014946
T_p,750,0.014239
T_p,751,0.013968
T_p,752,0.015093
T_p,753,0.014753
T_p,754,0.014579
T_p,755,0.015237
T_p,756,0.015271
T_p,757,0.015205
T_p,758,0.01531
T_p,759,0.014363
T_p,760,0.014716
T_p,761,0.014904
T_p,762,0.015068
T_p,763,0.015694
T_p,764,0.014663
T_p,765,0.014633
T_p,766,0.015992
T_p,767,0.015195
T_p,768,0.014261
T_p,769,0.014913
T_p,770,0.014358
T_p,771,0.014418
T_p,772,0.014299
T_p,773,0.014622
T_p,774,0.016336
T_p,775,0.015706
T_p,776,0.015929
T_p,777,0.015753
T_p,778,0.015019
T_p,779,0.015342
T_p,780,0.015162
T_p,781,0.014459
T_p,782,0.014403
T_p,783,0.01564
T_p,784,0.014369
T_p,785,0.015221
T_p,786,0.015491
T_p,787,0.015552
T_p,788,0.015322
T_p,789,0.01438
T_p,790,0.015424
T_p,791,0.015017
T_p,792,0.014513
T_p,793,0.013907
T_p,794,0.015371
T_p,795,0.014169
T_p,796,0.014076
T_p,797,0.016149
T_p,798,0.014379
T_p,799,0.014848
T_p,800,0.015143
T_p,801,0.015142
T_p,802,0.014488
T_p,803,0.014675
T_p,804,0.015583
T_p,805,0.014933
T_p,806,0.015086
T_p,807,0.013802
T_p,808,0.014756
T_p,809,0.015614
T_p,810,0.014662
T_p,811,0.014529
T_p,812,0.015325
T_p,813,0.015459
T_p,814,0.0153
T_p,815,0.01476
T_p,816,0.01555
T_p,817,0.016077
T_p,818,0.015802
T_p,819,0.014162
T_p,820,0.016858
T_p,821,0.014305
T_p,822,0.014364
T_p,823,0.015283
T_p,824,0.015043
T_p,825,0.015317
T_p,826,0.015887
T_p,827,0.015658
T_p,828,0.014564
T_p,829,0.015143
T_p,830,0.015707
T_p,831,0.015732
T_p,832,0.015775
T_p,833,0.01559
T_p,834,0.015525
T_p,835,0.014792
T_p,836,0.014309
T_p,837,0.015353
T_p,838,0.014828
T_p,839,0.015847
T_p,840,0.014576
T_p,841,0.014871
T_p,842,0.014843
T_p,843,0.01568
T_p,844,0.015551
T_p,845,0.015114
T_p,846,0.015275
T_p,847,0.016069
T_p,848,0.014042
T_p,849,0.015549
T_p,850,0.015748
T_p,851,0.015829
T_p,852,0.015582
T_p,853,0.014636
T_p,854,0.014777
T_p,855,0.015497
T_p,856,0.014746
T_p,857,0.014981
T_p,858,0.014197
T_p,859,0.014385
T_p,860,0.015308
T_p,861,0.014844
T_p,862,0.014645
T_p,863,0.014987
T_p,864,0.015281
T_p,865,0.014943
T_p,866,0.015204
T_p,867,0.015153
T_p,868,0.014949
T_p,869,0.015093
T_p,870,0.014568
T_p,871,0.014799
T_p,872,0.013998
T_p,873,0.0144
T_p,874,0.014388
T_p,875,0.014861
T_p,876,0.015778
T_p,877,0.015095
T_p,878,0.01519
T_p,879,0.014535
T_p,880,0.015272
T_p,881,0.016117
T_p,882,0.015048
T_p,883,0.014605
T_p,884,0.0144
T_p,885,0.015258
T_p,886,0.014535
T_p,887,0.015528
T_p,888,0.014493
T_p,889,0.014106
T_p,890,0.015388
T_p,891,0.014324
T_p,892,0.015464
T_p,893,0.015722
T_p,894,0.014744
T_p,895,0.015225
T_p,896,0.015935
T_p,897,0.014821
T_p,898,0.016059
T_p,899,0.014903
T_p,900,0.014537
T_p,901,0.015159
T_p,902,0.015235
T_p,903,0.015781
T_p,904,0.015632
T_p,905,0.015322
T_p,906,0.015494
T_p,907,0.015209
T_p,908,0.015575
T_p,909,0.014789
T_p,910,0.014451
T_p,911,0.015225
T_p,912,0.016713
T_p,913,0.015585
T_p,914,0.01468
T_p,915,0.015936
T_p,916,0.013981
T_p,917,0.014949
T_p,918,0.015338
T_p,919,0.014696
T_p,920,0.014743
T_p,921,0.014998
T_p,922,0.014774
T_p,923,0.01463
T_p,924,0.014449
T_p,925,0.014164
T_p,926,0.01452
T_p,927,0.015039
T_p,928,0.015704
T_p,929,0.014702
T_p,930,0.014373
T_p,931,0.016063
T_p,932,0.014414
T_p,933,0.015157
T_p,934,0.014538
T_p,935,0.014669
T_p,936,0.015332
T_p,937,0.015377
T_p,938,0.015863
T_p,939,0.015501
T_p,940,0.015192
T_p,941,0.015475
T_p,942,0.014482
T_p,943,0.015826
T_p,944,0.01542
T_p,945,0.015394
T_p,946,0.015459
T_p,947,0.014212
T_p,948,0.01442
T_p,949,0.015179
T_p,950,0.015187
T_p,951,0.015445
T_p,952,0.015164
T_p,953,0.014989
T_p,954,0.015855
T_p,955,0.01531
T_p,956,0.015548
T_p,957,0.015817
T_p,958,0.015858
T_p,959,0.015291
T_p,960,0.015535
T_p,961,0.01526
T_p,962,0.015744
T_p,963,0.016468
T_p,964,0.014473
T_p,965,0.014648
T_p,966,0.01605
T_p,967,0.015212
T_p,968,0.014842
T_p,969,0.014684
T_p,970,0.015662
T_p,971,0.015436
T_p,972,0.016305
T_p,973,0.015045
T_p,974,0.015641
T_p,975,0.016092
T_p,976,0.01424
T_p,977,0.014468
T_p,978,0.015263
T_p,979,0.014756
T_p,980,0.014847
T_p,981,0.014703
T_p,982,0.015011
T_p,983,0.014558
T_p,984,0.014332
T_p,985,0.015331
T_p,986,0.015175
T_p,987,0.015687
T_p,988,0.015413
T_p,989,0.015354
T_p,990,0.015552
T_p,991,0.014551
T_p,992,0.014801
T_p,993,0.015265
T_p,994,0.015661
T_p,995,0.015488
T_p,996,0.014973
T_p,997,0.014988
T_p,998,0.01525
T_p,999,0.014406
